user_id,date,lessons_completed,minutes_spent,quizzes_attempted,subscription_type
1,2024-01-01,1,22,0,Gratuito
1,2024-01-03,3,9,0,Gratuito
1,2024-01-04,1,24,1,Gratuito
1,2024-01-05,0,26,0,Gratuito
1,2024-01-06,0,23,0,Gratuito
1,2024-01-07,1,16,0,Gratuito
1,2024-01-08,0,25,0,Gratuito
1,2024-01-10,0,0,0,Gratuito
1,2024-01-11,1,9,0,Gratuito
1,2024-01-12,1,8,0,Gratuito
1,2024-01-13,2,13,1,Gratuito
1,2024-01-14,1,12,1,Gratuito
1,2024-01-15,1,18,0,Gratuito
1,2024-01-16,0,14,0,Gratuito
1,2024-01-17,1,12,0,Gratuito
1,2024-01-19,1,24,0,Gratuito
1,2024-01-21,1,10,0,Gratuito
1,2024-01-23,0,14,1,Gratuito
1,2024-01-25,1,8,2,Gratuito
1,2024-01-27,1,15,0,Gratuito
1,2024-01-28,0,8,0,Gratuito
1,2024-01-29,0,20,0,Gratuito
1,2024-01-31,0,5,0,Gratuito
2,2024-01-01,3,47,0,Premium
2,2024-01-02,0,46,2,Premium
2,2024-01-03,1,43,1,Premium
2,2024-01-04,2,44,0,Premium
2,2024-01-07,0,51,3,Premium
2,2024-01-08,1,32,1,Premium
2,2024-01-09,2,46,1,Premium
2,2024-01-10,2,20,2,Premium
2,2024-01-12,0,46,0,Premium
2,2024-01-14,3,43,0,Premium
2,2024-01-15,4,45,0,Premium
2,2024-01-16,1,50,1,Premium
2,2024-01-17,2,28,1,Premium
2,2024-01-20,2,66,5,Premium
2,2024-01-21,1,53,1,Premium
2,2024-01-22,1,43,0,Premium
2,2024-01-23,0,45,0,Premium
2,2024-01-24,2,52,1,Premium
2,2024-01-25,2,44,1,Premium
2,2024-01-26,2,30,1,Premium
2,2024-01-27,2,47,1,Premium
2,2024-01-28,0,69,0,Premium
2,2024-01-29,3,45,0,Premium
2,2024-01-30,3,33,0,Premium
2,2024-01-31,3,26,2,Premium
3,2024-01-01,0,12,0,Gratuito
3,2024-01-02,3,34,1,Gratuito
3,2024-01-03,0,22,0,Gratuito
3,2024-01-04,1,12,0,Gratuito
3,2024-01-06,0,30,0,Gratuito
3,2024-01-07,0,25,1,Gratuito
3,2024-01-09,1,24,0,Gratuito
3,2024-01-10,1,31,3,Gratuito
3,2024-01-11,1,27,0,Gratuito
3,2024-01-12,0,21,1,Gratuito
3,2024-01-13,0,37,1,Gratuito
3,2024-01-14,2,9,0,Gratuito
3,2024-01-15,0,24,1,Gratuito
3,2024-01-17,0,27,0,Gratuito
3,2024-01-18,0,22,2,Gratuito
3,2024-01-19,2,24,0,Gratuito
3,2024-01-21,1,14,1,Gratuito
3,2024-01-22,3,16,0,Gratuito
3,2024-01-23,2,36,1,Gratuito
3,2024-01-24,3,17,1,Gratuito
3,2024-01-25,2,23,1,Gratuito
3,2024-01-26,0,18,0,Gratuito
3,2024-01-29,1,14,0,Gratuito
3,2024-01-30,2,10,0,Gratuito
4,2024-01-01,2,38,1,Gratuito
4,2024-01-02,0,4,0,Gratuito
4,2024-01-04,2,12,0,Gratuito
4,2024-01-05,1,23,0,Gratuito
4,2024-01-08,0,16,0,Gratuito
4,2024-01-10,1,13,1,Gratuito
4,2024-01-11,1,18,0,Gratuito
4,2024-01-12,2,22,0,Gratuito
4,2024-01-13,0,17,0,Gratuito
4,2024-01-14,2,8,1,Gratuito
4,2024-01-15,0,27,0,Gratuito
4,2024-01-16,1,11,0,Gratuito
4,2024-01-17,1,39,0,Gratuito
4,2024-01-19,0,5,1,Gratuito
4,2024-01-20,0,23,1,Gratuito
4,2024-01-21,0,26,0,Gratuito
4,2024-01-22,0,4,0,Gratuito
4,2024-01-24,1,19,0,Gratuito
4,2024-01-25,1,21,0,Gratuito
4,2024-01-26,1,18,2,Gratuito
4,2024-01-27,0,11,0,Gratuito
4,2024-01-30,1,17,1,Gratuito
4,2024-01-31,1,22,2,Gratuito
5,2024-01-02,0,6,0,Gratuito
5,2024-01-03,0,19,0,Gratuito
5,2024-01-04,1,17,1,Gratuito
5,2024-01-05,2,15,0,Gratuito
5,2024-01-06,0,22,1,Gratuito
5,2024-01-07,0,19,0,Gratuito
5,2024-01-08,1,26,1,Gratuito
5,2024-01-09,1,36,1,Gratuito
5,2024-01-10,0,24,1,Gratuito
5,2024-01-11,3,23,0,Gratuito
5,2024-01-12,2,16,0,Gratuito
5,2024-01-16,0,29,0,Gratuito
5,2024-01-17,0,22,0,Gratuito
5,2024-01-19,2,25,0,Gratuito
5,2024-01-21,0,30,1,Gratuito
5,2024-01-22,1,47,0,Gratuito
5,2024-01-24,2,29,0,Gratuito
5,2024-01-25,2,18,0,Gratuito
5,2024-01-26,1,7,1,Gratuito
5,2024-01-29,1,11,0,Gratuito
5,2024-01-31,1,42,0,Gratuito
6,2024-01-01,1,50,0,Premium
6,2024-01-02,1,43,2,Premium
6,2024-01-04,1,61,3,Premium
6,2024-01-05,3,51,1,Premium
6,2024-01-06,5,40,1,Premium
6,2024-01-07,1,25,2,Premium
6,2024-01-08,1,51,1,Premium
6,2024-01-10,2,52,0,Premium
6,2024-01-12,6,46,0,Premium
6,2024-01-13,2,44,2,Premium
6,2024-01-14,1,45,1,Premium
6,2024-01-17,1,40,2,Premium
6,2024-01-18,2,42,3,Premium
6,2024-01-19,2,43,0,Premium
6,2024-01-21,3,49,0,Premium
6,2024-01-24,3,69,0,Premium
6,2024-01-25,4,46,1,Premium
6,2024-01-26,1,49,1,Premium
6,2024-01-27,1,51,1,Premium
6,2024-01-28,2,32,0,Premium
6,2024-01-30,2,22,1,Premium
6,2024-01-31,3,46,2,Premium
7,2024-01-01,2,26,0,Gratuito
7,2024-01-03,1,31,0,Gratuito
7,2024-01-04,1,29,1,Gratuito
7,2024-01-05,1,28,2,Gratuito
7,2024-01-06,2,20,1,Gratuito
7,2024-01-07,1,27,0,Gratuito
7,2024-01-09,2,15,0,Gratuito
7,2024-01-10,1,12,0,Gratuito
7,2024-01-11,0,30,0,Gratuito
7,2024-01-12,1,8,1,Gratuito
7,2024-01-13,0,22,0,Gratuito
7,2024-01-17,0,11,0,Gratuito
7,2024-01-18,1,25,0,Gratuito
7,2024-01-19,2,10,1,Gratuito
7,2024-01-20,1,28,0,Gratuito
7,2024-01-22,2,4,0,Gratuito
7,2024-01-23,2,12,0,Gratuito
7,2024-01-24,1,25,0,Gratuito
7,2024-01-25,1,32,0,Gratuito
7,2024-01-26,0,26,0,Gratuito
7,2024-01-27,1,2,1,Gratuito
7,2024-01-28,3,31,1,Gratuito
7,2024-01-29,2,32,1,Gratuito
7,2024-01-30,1,33,1,Gratuito
7,2024-01-31,4,17,0,Gratuito
8,2024-01-01,0,5,2,Gratuito
8,2024-01-02,0,4,1,Gratuito
8,2024-01-05,4,1,1,Gratuito
8,2024-01-06,1,9,3,Gratuito
8,2024-01-07,0,15,0,Gratuito
8,2024-01-08,1,19,0,Gratuito
8,2024-01-09,0,9,2,Gratuito
8,2024-01-11,1,31,1,Gratuito
8,2024-01-12,2,37,1,Gratuito
8,2024-01-13,0,35,1,Gratuito
8,2024-01-14,3,32,2,Gratuito
8,2024-01-16,0,9,1,Gratuito
8,2024-01-19,1,25,0,Gratuito
8,2024-01-20,1,24,0,Gratuito
8,2024-01-21,3,13,0,Gratuito
8,2024-01-22,0,23,0,Gratuito
8,2024-01-24,1,23,1,Gratuito
8,2024-01-26,1,31,0,Gratuito
8,2024-01-27,3,12,2,Gratuito
8,2024-01-28,1,11,0,Gratuito
8,2024-01-29,0,18,0,Gratuito
9,2024-01-01,4,43,1,Premium
9,2024-01-02,1,50,1,Premium
9,2024-01-03,1,61,0,Premium
9,2024-01-04,1,38,1,Premium
9,2024-01-05,2,40,1,Premium
9,2024-01-06,1,55,1,Premium
9,2024-01-07,1,36,0,Premium
9,2024-01-08,4,43,1,Premium
9,2024-01-09,3,40,1,Premium
9,2024-01-11,2,44,1,Premium
9,2024-01-12,0,31,5,Premium
9,2024-01-13,0,47,4,Premium
9,2024-01-16,2,42,0,Premium
9,2024-01-17,1,50,1,Premium
9,2024-01-20,1,35,0,Premium
9,2024-01-21,3,41,1,Premium
9,2024-01-24,3,33,0,Premium
9,2024-01-25,1,59,2,Premium
9,2024-01-28,3,39,1,Premium
9,2024-01-29,2,33,2,Premium
10,2024-01-02,1,3,0,Gratuito
10,2024-01-03,0,27,0,Gratuito
10,2024-01-05,5,7,0,Gratuito
10,2024-01-06,3,17,2,Gratuito
10,2024-01-08,1,13,1,Gratuito
10,2024-01-09,0,1,0,Gratuito
10,2024-01-10,0,6,2,Gratuito
10,2024-01-11,2,11,1,Gratuito
10,2024-01-12,0,31,0,Gratuito
10,2024-01-14,1,12,1,Gratuito
10,2024-01-15,2,15,0,Gratuito
10,2024-01-19,1,21,0,Gratuito
10,2024-01-20,1,27,0,Gratuito
10,2024-01-22,0,23,1,Gratuito
10,2024-01-24,0,22,0,Gratuito
10,2024-01-25,3,38,1,Gratuito
10,2024-01-26,0,5,2,Gratuito
10,2024-01-27,1,16,2,Gratuito
10,2024-01-28,1,19,0,Gratuito
10,2024-01-30,3,22,1,Gratuito
11,2024-01-02,4,49,1,Premium
11,2024-01-04,3,54,4,Premium
11,2024-01-06,2,45,1,Premium
11,2024-01-07,3,59,0,Premium
11,2024-01-08,1,41,1,Premium
11,2024-01-09,1,32,0,Premium
11,2024-01-11,1,43,1,Premium
11,2024-01-14,1,66,1,Premium
11,2024-01-16,3,62,2,Premium
11,2024-01-17,4,56,1,Premium
11,2024-01-18,1,37,1,Premium
11,2024-01-19,1,37,1,Premium
11,2024-01-21,3,47,3,Premium
11,2024-01-23,0,39,1,Premium
11,2024-01-24,0,32,2,Premium
11,2024-01-25,0,51,5,Premium
11,2024-01-26,3,45,2,Premium
11,2024-01-27,1,46,2,Premium
11,2024-01-28,3,47,1,Premium
11,2024-01-29,4,35,1,Premium
11,2024-01-30,0,48,0,Premium
11,2024-01-31,1,52,1,Premium
12,2024-01-01,0,45,1,Premium
12,2024-01-02,3,60,3,Premium
12,2024-01-03,1,41,1,Premium
12,2024-01-04,6,54,4,Premium
12,2024-01-05,0,45,1,Premium
12,2024-01-06,0,59,2,Premium
12,2024-01-09,5,51,1,Premium
12,2024-01-10,4,46,1,Premium
12,2024-01-11,1,43,0,Premium
12,2024-01-12,3,65,2,Premium
12,2024-01-13,0,64,1,Premium
12,2024-01-14,2,22,2,Premium
12,2024-01-15,3,42,4,Premium
12,2024-01-17,2,55,1,Premium
12,2024-01-18,4,35,3,Premium
12,2024-01-20,1,37,2,Premium
12,2024-01-21,3,60,2,Premium
12,2024-01-24,4,59,0,Premium
12,2024-01-25,4,51,1,Premium
12,2024-01-27,1,42,2,Premium
12,2024-01-28,1,58,1,Premium
12,2024-01-29,2,34,1,Premium
12,2024-01-30,1,44,3,Premium
12,2024-01-31,1,43,0,Premium
13,2024-01-01,2,45,1,Premium
13,2024-01-02,1,57,1,Premium
13,2024-01-03,3,42,2,Premium
13,2024-01-05,3,45,2,Premium
13,2024-01-06,1,29,0,Premium
13,2024-01-09,1,50,0,Premium
13,2024-01-10,0,46,2,Premium
13,2024-01-11,5,41,6,Premium
13,2024-01-12,4,24,0,Premium
13,2024-01-13,2,40,0,Premium
13,2024-01-14,1,52,3,Premium
13,2024-01-16,2,36,2,Premium
13,2024-01-17,2,50,1,Premium
13,2024-01-18,1,46,1,Premium
13,2024-01-20,1,33,1,Premium
13,2024-01-21,0,40,3,Premium
13,2024-01-22,1,54,1,Premium
13,2024-01-23,4,39,1,Premium
13,2024-01-24,2,45,2,Premium
13,2024-01-25,1,69,0,Premium
13,2024-01-27,2,47,2,Premium
13,2024-01-29,2,46,2,Premium
13,2024-01-30,2,40,2,Premium
14,2024-01-01,0,31,0,Gratuito
14,2024-01-02,1,17,1,Gratuito
14,2024-01-03,0,26,0,Gratuito
14,2024-01-04,1,18,1,Gratuito
14,2024-01-05,1,28,0,Gratuito
14,2024-01-06,0,32,0,Gratuito
14,2024-01-07,2,20,0,Gratuito
14,2024-01-12,0,17,1,Gratuito
14,2024-01-13,1,21,0,Gratuito
14,2024-01-15,0,13,0,Gratuito
14,2024-01-16,1,6,1,Gratuito
14,2024-01-17,0,24,0,Gratuito
14,2024-01-18,0,17,0,Gratuito
14,2024-01-19,0,25,0,Gratuito
14,2024-01-20,2,31,1,Gratuito
14,2024-01-21,2,6,1,Gratuito
14,2024-01-22,2,26,0,Gratuito
14,2024-01-23,0,30,0,Gratuito
14,2024-01-24,1,22,0,Gratuito
14,2024-01-25,2,10,1,Gratuito
14,2024-01-26,0,20,1,Gratuito
14,2024-01-29,1,15,2,Gratuito
14,2024-01-30,0,25,0,Gratuito
14,2024-01-31,2,26,0,Gratuito
15,2024-01-01,4,22,1,Gratuito
15,2024-01-02,1,48,0,Gratuito
15,2024-01-03,1,23,1,Gratuito
15,2024-01-04,0,23,2,Gratuito
15,2024-01-05,0,13,1,Gratuito
15,2024-01-07,0,12,1,Gratuito
15,2024-01-08,3,6,2,Gratuito
15,2024-01-09,1,26,2,Gratuito
15,2024-01-10,1,5,0,Gratuito
15,2024-01-11,0,18,0,Gratuito
15,2024-01-12,0,25,0,Gratuito
15,2024-01-13,0,3,0,Gratuito
15,2024-01-16,3,8,1,Gratuito
15,2024-01-18,2,32,0,Gratuito
15,2024-01-19,1,30,1,Gratuito
15,2024-01-20,2,28,2,Gratuito
15,2024-01-21,0,16,0,Gratuito
15,2024-01-22,1,26,0,Gratuito
15,2024-01-23,0,12,0,Gratuito
15,2024-01-24,0,11,0,Gratuito
15,2024-01-26,1,46,1,Gratuito
15,2024-01-28,0,35,1,Gratuito
15,2024-01-29,1,0,0,Gratuito
16,2024-01-02,0,50,0,Premium
16,2024-01-03,1,47,1,Premium
16,2024-01-04,5,37,2,Premium
16,2024-01-09,2,35,0,Premium
16,2024-01-10,1,38,1,Premium
16,2024-01-11,2,39,0,Premium
16,2024-01-12,3,44,1,Premium
16,2024-01-13,1,28,1,Premium
16,2024-01-16,0,46,2,Premium
16,2024-01-17,1,41,0,Premium
16,2024-01-19,3,27,0,Premium
16,2024-01-20,1,28,0,Premium
16,2024-01-22,2,53,1,Premium
16,2024-01-23,2,41,0,Premium
16,2024-01-24,2,47,1,Premium
16,2024-01-25,2,63,3,Premium
16,2024-01-27,4,48,1,Premium
16,2024-01-28,2,39,2,Premium
16,2024-01-29,1,49,0,Premium
16,2024-01-31,1,41,0,Premium
17,2024-01-01,2,39,3,Premium
17,2024-01-02,2,58,0,Premium
17,2024-01-03,0,47,0,Premium
17,2024-01-04,2,55,2,Premium
17,2024-01-06,1,49,1,Premium
17,2024-01-07,2,50,1,Premium
17,2024-01-09,2,39,2,Premium
17,2024-01-10,1,41,2,Premium
17,2024-01-11,1,53,4,Premium
17,2024-01-12,4,36,0,Premium
17,2024-01-13,2,32,0,Premium
17,2024-01-16,2,30,2,Premium
17,2024-01-17,1,32,3,Premium
17,2024-01-18,1,50,2,Premium
17,2024-01-19,4,37,1,Premium
17,2024-01-21,1,39,0,Premium
17,2024-01-24,0,65,1,Premium
17,2024-01-26,6,56,0,Premium
17,2024-01-27,1,52,2,Premium
17,2024-01-28,1,43,1,Premium
17,2024-01-29,1,39,1,Premium
17,2024-01-30,3,33,1,Premium
17,2024-01-31,1,65,3,Premium
18,2024-01-01,2,30,0,Premium
18,2024-01-02,0,36,0,Premium
18,2024-01-03,1,28,1,Premium
18,2024-01-05,4,48,1,Premium
18,2024-01-06,4,47,1,Premium
18,2024-01-08,1,51,2,Premium
18,2024-01-09,1,51,3,Premium
18,2024-01-10,0,37,1,Premium
18,2024-01-12,2,35,1,Premium
18,2024-01-13,3,35,3,Premium
18,2024-01-15,1,50,0,Premium
18,2024-01-16,5,33,3,Premium
18,2024-01-17,3,62,0,Premium
18,2024-01-19,1,28,1,Premium
18,2024-01-20,1,41,2,Premium
18,2024-01-21,0,42,2,Premium
18,2024-01-22,2,48,3,Premium
18,2024-01-24,3,42,3,Premium
18,2024-01-25,3,27,2,Premium
18,2024-01-27,1,50,1,Premium
18,2024-01-28,1,61,2,Premium
18,2024-01-29,1,51,3,Premium
18,2024-01-30,6,47,1,Premium
18,2024-01-31,2,57,0,Premium
19,2024-01-01,1,14,1,Gratuito
19,2024-01-02,0,37,0,Gratuito
19,2024-01-03,1,12,0,Gratuito
19,2024-01-05,0,25,1,Gratuito
19,2024-01-06,1,6,0,Gratuito
19,2024-01-07,0,21,0,Gratuito
19,2024-01-08,0,23,0,Gratuito
19,2024-01-10,1,24,1,Gratuito
19,2024-01-11,0,29,0,Gratuito
19,2024-01-12,2,0,2,Gratuito
19,2024-01-13,1,22,0,Gratuito
19,2024-01-16,1,20,1,Gratuito
19,2024-01-17,2,42,0,Gratuito
19,2024-01-18,0,31,1,Gratuito
19,2024-01-20,0,17,1,Gratuito
19,2024-01-21,0,8,0,Gratuito
19,2024-01-22,1,3,0,Gratuito
19,2024-01-23,1,4,0,Gratuito
19,2024-01-25,0,12,1,Gratuito
19,2024-01-26,0,22,1,Gratuito
19,2024-01-27,0,16,0,Gratuito
19,2024-01-28,1,32,0,Gratuito
19,2024-01-29,2,24,0,Gratuito
19,2024-01-31,3,36,0,Gratuito
20,2024-01-01,2,37,4,Premium
20,2024-01-02,0,60,0,Premium
20,2024-01-03,1,28,2,Premium
20,2024-01-04,0,50,2,Premium
20,2024-01-05,1,42,4,Premium
20,2024-01-06,1,50,0,Premium
20,2024-01-07,3,53,1,Premium
20,2024-01-08,2,45,1,Premium
20,2024-01-09,2,44,2,Premium
20,2024-01-10,2,24,2,Premium
20,2024-01-11,1,33,1,Premium
20,2024-01-12,4,42,3,Premium
20,2024-01-14,3,31,2,Premium
20,2024-01-17,1,45,1,Premium
20,2024-01-18,4,38,1,Premium
20,2024-01-20,2,47,1,Premium
20,2024-01-21,0,28,1,Premium
20,2024-01-22,2,48,2,Premium
20,2024-01-23,1,55,0,Premium
20,2024-01-24,4,43,1,Premium
20,2024-01-25,1,32,0,Premium
20,2024-01-27,2,47,4,Premium
20,2024-01-29,0,43,0,Premium
20,2024-01-31,1,49,0,Premium
21,2024-01-01,2,37,4,Premium
21,2024-01-02,4,20,0,Premium
21,2024-01-03,0,49,1,Premium
21,2024-01-04,0,25,0,Premium
21,2024-01-05,3,39,1,Premium
21,2024-01-06,2,30,2,Premium
21,2024-01-07,2,56,3,Premium
21,2024-01-09,0,24,3,Premium
21,2024-01-10,1,59,4,Premium
21,2024-01-12,1,66,1,Premium
21,2024-01-13,4,55,1,Premium
21,2024-01-16,1,34,0,Premium
21,2024-01-17,0,49,1,Premium
21,2024-01-18,2,33,2,Premium
21,2024-01-19,2,57,0,Premium
21,2024-01-21,3,23,1,Premium
21,2024-01-22,3,31,2,Premium
21,2024-01-23,0,46,1,Premium
21,2024-01-24,2,45,1,Premium
21,2024-01-25,1,23,1,Premium
21,2024-01-26,0,39,1,Premium
21,2024-01-27,1,44,1,Premium
21,2024-01-28,4,53,3,Premium
21,2024-01-31,5,49,1,Premium
22,2024-01-06,1,23,2,Gratuito
22,2024-01-07,2,32,0,Gratuito
22,2024-01-08,1,14,0,Gratuito
22,2024-01-09,2,29,0,Gratuito
22,2024-01-10,1,6,0,Gratuito
22,2024-01-11,1,21,0,Gratuito
22,2024-01-13,1,21,0,Gratuito
22,2024-01-15,3,25,0,Gratuito
22,2024-01-16,2,19,0,Gratuito
22,2024-01-18,1,0,0,Gratuito
22,2024-01-19,2,0,2,Gratuito
22,2024-01-20,0,22,0,Gratuito
22,2024-01-24,1,14,0,Gratuito
22,2024-01-25,1,8,0,Gratuito
22,2024-01-26,1,39,0,Gratuito
22,2024-01-27,0,35,0,Gratuito
22,2024-01-28,3,11,0,Gratuito
22,2024-01-30,1,27,2,Gratuito
23,2024-01-01,2,76,1,Premium
23,2024-01-04,1,32,4,Premium
23,2024-01-06,1,40,2,Premium
23,2024-01-10,2,17,0,Premium
23,2024-01-11,2,54,1,Premium
23,2024-01-12,1,33,3,Premium
23,2024-01-14,3,54,1,Premium
23,2024-01-15,2,32,1,Premium
23,2024-01-16,1,48,3,Premium
23,2024-01-17,3,48,2,Premium
23,2024-01-19,3,18,3,Premium
23,2024-01-25,2,38,0,Premium
23,2024-01-26,1,44,2,Premium
23,2024-01-27,4,56,2,Premium
23,2024-01-28,1,45,2,Premium
23,2024-01-30,0,52,3,Premium
23,2024-01-31,1,43,4,Premium
24,2024-01-04,1,33,0,Gratuito
24,2024-01-05,1,17,2,Gratuito
24,2024-01-07,0,4,0,Gratuito
24,2024-01-08,1,31,0,Gratuito
24,2024-01-09,0,29,0,Gratuito
24,2024-01-10,0,16,0,Gratuito
24,2024-01-11,0,15,0,Gratuito
24,2024-01-12,0,40,0,Gratuito
24,2024-01-13,1,17,0,Gratuito
24,2024-01-14,2,20,0,Gratuito
24,2024-01-15,1,34,0,Gratuito
24,2024-01-16,1,25,0,Gratuito
24,2024-01-19,2,22,0,Gratuito
24,2024-01-20,0,7,0,Gratuito
24,2024-01-22,2,1,0,Gratuito
24,2024-01-23,0,44,0,Gratuito
24,2024-01-25,1,13,0,Gratuito
24,2024-01-27,1,26,1,Gratuito
24,2024-01-28,0,28,1,Gratuito
24,2024-01-29,1,4,0,Gratuito
24,2024-01-30,0,5,0,Gratuito
24,2024-01-31,0,7,0,Gratuito
25,2024-01-01,0,4,1,Gratuito
25,2024-01-03,3,23,0,Gratuito
25,2024-01-04,0,18,0,Gratuito
25,2024-01-07,0,8,1,Gratuito
25,2024-01-08,1,26,1,Gratuito
25,2024-01-09,1,3,1,Gratuito
25,2024-01-10,1,30,1,Gratuito
25,2024-01-11,3,15,0,Gratuito
25,2024-01-12,1,16,1,Gratuito
25,2024-01-13,1,10,0,Gratuito
25,2024-01-15,1,27,0,Gratuito
25,2024-01-16,0,16,1,Gratuito
25,2024-01-17,1,3,2,Gratuito
25,2024-01-19,0,21,0,Gratuito
25,2024-01-20,0,35,1,Gratuito
25,2024-01-21,1,3,0,Gratuito
25,2024-01-22,1,24,0,Gratuito
25,2024-01-24,0,24,2,Gratuito
25,2024-01-26,0,27,0,Gratuito
25,2024-01-27,2,24,1,Gratuito
25,2024-01-28,0,20,0,Gratuito
25,2024-01-29,4,12,1,Gratuito
25,2024-01-30,1,32,1,Gratuito
25,2024-01-31,0,17,0,Gratuito
26,2024-01-01,3,39,0,Premium
26,2024-01-02,0,37,1,Premium
26,2024-01-04,2,39,2,Premium
26,2024-01-05,1,59,0,Premium
26,2024-01-07,3,26,0,Premium
26,2024-01-08,4,42,0,Premium
26,2024-01-09,3,47,2,Premium
26,2024-01-11,1,45,1,Premium
26,2024-01-13,3,39,2,Premium
26,2024-01-14,2,44,0,Premium
26,2024-01-15,1,29,0,Premium
26,2024-01-16,3,43,0,Premium
26,2024-01-17,4,38,2,Premium
26,2024-01-18,3,55,3,Premium
26,2024-01-19,0,40,4,Premium
26,2024-01-20,1,42,0,Premium
26,2024-01-21,4,59,0,Premium
26,2024-01-22,0,51,1,Premium
26,2024-01-23,3,46,2,Premium
26,2024-01-24,2,51,2,Premium
26,2024-01-25,2,51,3,Premium
26,2024-01-26,0,38,3,Premium
26,2024-01-27,0,34,2,Premium
26,2024-01-29,4,57,2,Premium
26,2024-01-30,0,53,1,Premium
26,2024-01-31,1,49,2,Premium
27,2024-01-03,1,11,0,Gratuito
27,2024-01-05,0,6,0,Gratuito
27,2024-01-07,2,26,0,Gratuito
27,2024-01-08,1,28,0,Gratuito
27,2024-01-09,0,31,0,Gratuito
27,2024-01-12,0,0,0,Gratuito
27,2024-01-13,0,34,2,Gratuito
27,2024-01-16,2,19,1,Gratuito
27,2024-01-17,2,17,0,Gratuito
27,2024-01-18,0,10,0,Gratuito
27,2024-01-19,2,8,0,Gratuito
27,2024-01-22,0,27,2,Gratuito
27,2024-01-24,2,18,0,Gratuito
27,2024-01-25,0,11,1,Gratuito
27,2024-01-26,0,18,0,Gratuito
27,2024-01-27,2,14,0,Gratuito
27,2024-01-29,2,29,0,Gratuito
27,2024-01-31,1,9,0,Gratuito
28,2024-01-01,1,13,0,Gratuito
28,2024-01-02,3,17,0,Gratuito
28,2024-01-03,1,17,1,Gratuito
28,2024-01-04,0,15,1,Gratuito
28,2024-01-05,2,11,0,Gratuito
28,2024-01-07,0,42,0,Gratuito
28,2024-01-08,2,7,0,Gratuito
28,2024-01-14,2,17,0,Gratuito
28,2024-01-16,3,20,0,Gratuito
28,2024-01-17,1,38,1,Gratuito
28,2024-01-18,1,15,3,Gratuito
28,2024-01-19,1,13,0,Gratuito
28,2024-01-20,1,32,0,Gratuito
28,2024-01-24,2,20,2,Gratuito
28,2024-01-25,2,15,1,Gratuito
28,2024-01-26,3,32,1,Gratuito
28,2024-01-28,0,33,1,Gratuito
28,2024-01-29,0,21,0,Gratuito
28,2024-01-31,2,9,0,Gratuito
29,2024-01-01,3,49,3,Premium
29,2024-01-02,3,44,2,Premium
29,2024-01-03,3,38,3,Premium
29,2024-01-04,2,36,1,Premium
29,2024-01-07,0,42,0,Premium
29,2024-01-08,0,53,2,Premium
29,2024-01-09,1,33,1,Premium
29,2024-01-10,1,51,3,Premium
29,2024-01-11,6,41,2,Premium
29,2024-01-14,0,53,1,Premium
29,2024-01-15,4,46,0,Premium
29,2024-01-16,2,44,1,Premium
29,2024-01-17,2,24,2,Premium
29,2024-01-18,1,41,1,Premium
29,2024-01-19,0,40,0,Premium
29,2024-01-21,0,52,3,Premium
29,2024-01-22,3,39,2,Premium
29,2024-01-23,2,46,0,Premium
29,2024-01-24,1,54,1,Premium
29,2024-01-25,2,37,1,Premium
29,2024-01-27,2,50,2,Premium
29,2024-01-28,1,39,1,Premium
29,2024-01-30,0,44,1,Premium
29,2024-01-31,1,37,1,Premium
30,2024-01-02,2,41,2,Premium
30,2024-01-03,1,31,0,Premium
30,2024-01-04,0,44,1,Premium
30,2024-01-05,0,57,1,Premium
30,2024-01-06,3,35,2,Premium
30,2024-01-07,3,32,1,Premium
30,2024-01-09,1,40,1,Premium
30,2024-01-11,1,49,0,Premium
30,2024-01-14,5,42,1,Premium
30,2024-01-16,2,57,2,Premium
30,2024-01-17,3,44,0,Premium
30,2024-01-18,0,46,1,Premium
30,2024-01-19,2,38,2,Premium
30,2024-01-20,2,53,0,Premium
30,2024-01-21,0,46,1,Premium
30,2024-01-22,2,42,2,Premium
30,2024-01-24,1,66,2,Premium
30,2024-01-25,2,34,0,Premium
30,2024-01-26,2,35,0,Premium
30,2024-01-28,2,42,1,Premium
30,2024-01-29,1,35,2,Premium
30,2024-01-30,2,38,2,Premium
30,2024-01-31,2,47,3,Premium
31,2024-01-02,0,20,1,Gratuito
31,2024-01-03,0,23,1,Gratuito
31,2024-01-05,2,28,0,Gratuito
31,2024-01-06,1,28,0,Gratuito
31,2024-01-07,0,22,0,Gratuito
31,2024-01-08,1,14,0,Gratuito
31,2024-01-09,1,12,1,Gratuito
31,2024-01-10,1,7,0,Gratuito
31,2024-01-12,2,26,0,Gratuito
31,2024-01-13,0,17,1,Gratuito
31,2024-01-15,2,3,0,Gratuito
31,2024-01-17,1,31,0,Gratuito
31,2024-01-18,1,19,0,Gratuito
31,2024-01-19,1,19,0,Gratuito
31,2024-01-20,0,27,0,Gratuito
31,2024-01-23,1,14,2,Gratuito
31,2024-01-25,0,8,0,Gratuito
31,2024-01-26,1,0,0,Gratuito
31,2024-01-27,3,18,0,Gratuito
31,2024-01-28,0,19,1,Gratuito
31,2024-01-29,2,0,3,Gratuito
31,2024-01-30,1,19,0,Gratuito
32,2024-01-01,1,23,1,Gratuito
32,2024-01-02,3,25,0,Gratuito
32,2024-01-03,6,25,2,Gratuito
32,2024-01-05,1,41,0,Gratuito
32,2024-01-06,0,6,1,Gratuito
32,2024-01-07,1,32,0,Gratuito
32,2024-01-08,1,16,0,Gratuito
32,2024-01-09,0,22,1,Gratuito
32,2024-01-10,1,28,0,Gratuito
32,2024-01-11,0,37,0,Gratuito
32,2024-01-12,0,18,0,Gratuito
32,2024-01-13,2,17,0,Gratuito
32,2024-01-15,1,7,0,Gratuito
32,2024-01-16,2,17,0,Gratuito
32,2024-01-17,0,3,1,Gratuito
32,2024-01-19,2,35,1,Gratuito
32,2024-01-20,1,11,1,Gratuito
32,2024-01-23,2,8,0,Gratuito
32,2024-01-26,3,12,2,Gratuito
32,2024-01-27,0,16,0,Gratuito
32,2024-01-28,1,16,2,Gratuito
32,2024-01-29,1,8,0,Gratuito
32,2024-01-30,2,38,0,Gratuito
32,2024-01-31,0,36,0,Gratuito
33,2024-01-01,2,47,0,Premium
33,2024-01-02,2,42,1,Premium
33,2024-01-05,2,47,1,Premium
33,2024-01-06,4,41,1,Premium
33,2024-01-08,3,48,1,Premium
33,2024-01-09,3,52,3,Premium
33,2024-01-10,3,41,3,Premium
33,2024-01-11,1,41,1,Premium
33,2024-01-12,2,37,3,Premium
33,2024-01-14,2,55,0,Premium
33,2024-01-15,1,45,2,Premium
33,2024-01-16,2,22,0,Premium
33,2024-01-17,1,36,0,Premium
33,2024-01-18,2,26,0,Premium
33,2024-01-20,2,57,1,Premium
33,2024-01-21,2,42,1,Premium
33,2024-01-22,2,34,2,Premium
33,2024-01-23,4,36,1,Premium
33,2024-01-25,3,51,0,Premium
33,2024-01-26,1,48,2,Premium
33,2024-01-27,2,47,1,Premium
33,2024-01-28,0,45,2,Premium
33,2024-01-30,1,53,3,Premium
34,2024-01-01,1,68,1,Premium
34,2024-01-02,0,44,5,Premium
34,2024-01-03,3,47,2,Premium
34,2024-01-04,2,51,2,Premium
34,2024-01-06,0,53,2,Premium
34,2024-01-08,0,46,1,Premium
34,2024-01-09,1,64,2,Premium
34,2024-01-12,2,60,0,Premium
34,2024-01-13,1,22,2,Premium
34,2024-01-14,3,47,2,Premium
34,2024-01-15,4,50,2,Premium
34,2024-01-16,2,33,0,Premium
34,2024-01-17,1,60,4,Premium
34,2024-01-18,0,18,1,Premium
34,2024-01-19,4,42,0,Premium
34,2024-01-20,3,50,3,Premium
34,2024-01-22,0,59,0,Premium
34,2024-01-23,0,47,0,Premium
34,2024-01-24,2,68,1,Premium
34,2024-01-25,3,40,0,Premium
34,2024-01-26,3,33,1,Premium
34,2024-01-27,4,52,2,Premium
34,2024-01-30,2,39,3,Premium
34,2024-01-31,5,41,1,Premium
35,2024-01-03,2,45,1,Premium
35,2024-01-06,0,35,0,Premium
35,2024-01-10,1,32,0,Premium
35,2024-01-11,0,51,1,Premium
35,2024-01-12,3,49,2,Premium
35,2024-01-13,1,27,3,Premium
35,2024-01-14,4,58,2,Premium
35,2024-01-16,7,27,1,Premium
35,2024-01-17,2,41,3,Premium
35,2024-01-18,5,51,1,Premium
35,2024-01-20,2,53,2,Premium
35,2024-01-22,0,40,1,Premium
35,2024-01-23,2,45,1,Premium
35,2024-01-25,1,57,1,Premium
35,2024-01-26,2,55,1,Premium
35,2024-01-27,0,54,3,Premium
35,2024-01-28,1,53,0,Premium
35,2024-01-29,3,60,2,Premium
35,2024-01-30,0,38,3,Premium
36,2024-01-01,1,15,1,Gratuito
36,2024-01-02,1,39,0,Gratuito
36,2024-01-04,1,25,2,Gratuito
36,2024-01-06,3,25,2,Gratuito
36,2024-01-07,0,33,3,Gratuito
36,2024-01-08,2,15,1,Gratuito
36,2024-01-09,0,4,1,Gratuito
36,2024-01-10,2,33,1,Gratuito
36,2024-01-11,0,15,0,Gratuito
36,2024-01-13,1,40,0,Gratuito
36,2024-01-14,0,25,0,Gratuito
36,2024-01-15,1,9,1,Gratuito
36,2024-01-16,2,23,0,Gratuito
36,2024-01-17,0,24,0,Gratuito
36,2024-01-18,1,19,1,Gratuito
36,2024-01-22,2,20,1,Gratuito
36,2024-01-23,2,36,1,Gratuito
36,2024-01-24,1,16,0,Gratuito
36,2024-01-27,2,30,1,Gratuito
36,2024-01-28,1,53,1,Gratuito
36,2024-01-29,3,35,0,Gratuito
36,2024-01-30,0,29,0,Gratuito
36,2024-01-31,1,39,0,Gratuito
37,2024-01-01,0,14,0,Gratuito
37,2024-01-03,0,16,0,Gratuito
37,2024-01-05,4,10,1,Gratuito
37,2024-01-07,1,0,0,Gratuito
37,2024-01-08,1,6,2,Gratuito
37,2024-01-09,0,13,0,Gratuito
37,2024-01-10,1,10,0,Gratuito
37,2024-01-11,0,16,1,Gratuito
37,2024-01-12,3,21,1,Gratuito
37,2024-01-14,0,24,0,Gratuito
37,2024-01-16,2,19,0,Gratuito
37,2024-01-17,2,22,1,Gratuito
37,2024-01-18,4,23,1,Gratuito
37,2024-01-21,0,22,2,Gratuito
37,2024-01-23,2,39,0,Gratuito
37,2024-01-24,1,27,1,Gratuito
37,2024-01-25,0,16,1,Gratuito
37,2024-01-26,3,40,2,Gratuito
37,2024-01-30,1,8,0,Gratuito
37,2024-01-31,0,37,0,Gratuito
38,2024-01-04,3,61,1,Premium
38,2024-01-05,0,42,3,Premium
38,2024-01-07,4,35,0,Premium
38,2024-01-08,1,53,1,Premium
38,2024-01-12,3,39,0,Premium
38,2024-01-13,0,39,2,Premium
38,2024-01-14,0,48,3,Premium
38,2024-01-15,1,47,1,Premium
38,2024-01-16,3,30,3,Premium
38,2024-01-18,2,65,0,Premium
38,2024-01-20,2,29,1,Premium
38,2024-01-21,2,37,1,Premium
38,2024-01-22,4,49,2,Premium
38,2024-01-26,2,40,3,Premium
38,2024-01-27,2,49,2,Premium
38,2024-01-28,3,41,1,Premium
38,2024-01-29,1,39,1,Premium
38,2024-01-30,5,47,0,Premium
39,2024-01-01,1,39,0,Premium
39,2024-01-03,3,41,2,Premium
39,2024-01-04,3,49,4,Premium
39,2024-01-05,2,45,1,Premium
39,2024-01-06,0,60,1,Premium
39,2024-01-07,1,43,2,Premium
39,2024-01-08,1,46,1,Premium
39,2024-01-11,0,48,1,Premium
39,2024-01-12,2,34,1,Premium
39,2024-01-14,4,39,1,Premium
39,2024-01-16,6,50,1,Premium
39,2024-01-18,1,56,2,Premium
39,2024-01-19,1,32,2,Premium
39,2024-01-20,2,40,4,Premium
39,2024-01-21,2,51,1,Premium
39,2024-01-22,2,59,0,Premium
39,2024-01-23,3,45,3,Premium
39,2024-01-24,0,36,1,Premium
39,2024-01-25,2,50,1,Premium
39,2024-01-26,2,39,1,Premium
39,2024-01-27,2,55,3,Premium
39,2024-01-29,1,39,2,Premium
39,2024-01-30,2,60,1,Premium
40,2024-01-01,1,43,2,Premium
40,2024-01-03,0,34,2,Premium
40,2024-01-04,2,50,0,Premium
40,2024-01-05,2,41,1,Premium
40,2024-01-07,0,54,0,Premium
40,2024-01-08,4,18,0,Premium
40,2024-01-09,0,51,2,Premium
40,2024-01-11,2,69,4,Premium
40,2024-01-12,0,29,1,Premium
40,2024-01-13,2,36,4,Premium
40,2024-01-14,0,38,0,Premium
40,2024-01-16,2,33,3,Premium
40,2024-01-17,3,43,0,Premium
40,2024-01-18,2,22,2,Premium
40,2024-01-20,1,58,0,Premium
40,2024-01-21,7,42,0,Premium
40,2024-01-26,0,55,1,Premium
40,2024-01-27,0,39,1,Premium
40,2024-01-28,2,41,1,Premium
40,2024-01-29,4,31,2,Premium
40,2024-01-30,3,27,1,Premium
40,2024-01-31,3,42,2,Premium
41,2024-01-01,1,54,1,Premium
41,2024-01-02,2,42,2,Premium
41,2024-01-03,1,44,0,Premium
41,2024-01-05,1,41,1,Premium
41,2024-01-06,0,41,3,Premium
41,2024-01-07,0,62,2,Premium
41,2024-01-08,2,51,1,Premium
41,2024-01-09,0,40,4,Premium
41,2024-01-10,1,18,2,Premium
41,2024-01-12,1,33,1,Premium
41,2024-01-13,0,54,0,Premium
41,2024-01-15,3,55,1,Premium
41,2024-01-16,2,45,3,Premium
41,2024-01-17,1,63,1,Premium
41,2024-01-18,1,58,3,Premium
41,2024-01-20,4,56,0,Premium
41,2024-01-21,1,43,0,Premium
41,2024-01-22,1,27,2,Premium
41,2024-01-23,1,47,1,Premium
41,2024-01-24,4,19,1,Premium
41,2024-01-25,5,50,2,Premium
41,2024-01-26,0,47,1,Premium
41,2024-01-27,4,45,1,Premium
41,2024-01-28,2,35,2,Premium
41,2024-01-30,1,57,3,Premium
42,2024-01-01,0,38,1,Gratuito
42,2024-01-02,1,19,3,Gratuito
42,2024-01-03,0,32,1,Gratuito
42,2024-01-04,2,25,0,Gratuito
42,2024-01-05,0,33,0,Gratuito
42,2024-01-06,3,10,0,Gratuito
42,2024-01-08,1,22,0,Gratuito
42,2024-01-09,0,16,0,Gratuito
42,2024-01-10,1,23,1,Gratuito
42,2024-01-11,2,15,1,Gratuito
42,2024-01-16,0,31,0,Gratuito
42,2024-01-17,0,5,0,Gratuito
42,2024-01-18,2,15,0,Gratuito
42,2024-01-19,0,15,0,Gratuito
42,2024-01-21,2,21,0,Gratuito
42,2024-01-22,2,16,0,Gratuito
42,2024-01-23,1,29,1,Gratuito
42,2024-01-25,0,39,0,Gratuito
42,2024-01-26,0,15,0,Gratuito
42,2024-01-27,1,13,0,Gratuito
42,2024-01-28,1,27,1,Gratuito
42,2024-01-29,2,25,1,Gratuito
42,2024-01-31,2,26,1,Gratuito
43,2024-01-02,1,48,1,Premium
43,2024-01-04,2,63,2,Premium
43,2024-01-05,0,43,2,Premium
43,2024-01-09,3,31,3,Premium
43,2024-01-10,4,48,2,Premium
43,2024-01-11,3,66,1,Premium
43,2024-01-13,2,46,0,Premium
43,2024-01-14,2,43,1,Premium
43,2024-01-16,2,54,1,Premium
43,2024-01-17,2,30,1,Premium
43,2024-01-18,2,42,1,Premium
43,2024-01-19,3,46,2,Premium
43,2024-01-20,1,37,1,Premium
43,2024-01-21,0,47,3,Premium
43,2024-01-22,2,49,3,Premium
43,2024-01-24,3,42,2,Premium
43,2024-01-25,1,44,1,Premium
43,2024-01-27,2,65,0,Premium
43,2024-01-30,3,47,4,Premium
44,2024-01-01,4,44,2,Premium
44,2024-01-03,4,19,2,Premium
44,2024-01-04,3,45,0,Premium
44,2024-01-06,4,52,0,Premium
44,2024-01-07,5,39,0,Premium
44,2024-01-08,3,36,2,Premium
44,2024-01-09,1,48,2,Premium
44,2024-01-10,0,47,2,Premium
44,2024-01-12,1,60,5,Premium
44,2024-01-13,5,42,2,Premium
44,2024-01-14,2,38,1,Premium
44,2024-01-15,4,41,0,Premium
44,2024-01-17,3,43,1,Premium
44,2024-01-18,2,58,3,Premium
44,2024-01-19,2,51,0,Premium
44,2024-01-21,2,39,2,Premium
44,2024-01-23,3,46,2,Premium
44,2024-01-24,1,31,1,Premium
44,2024-01-25,1,40,2,Premium
44,2024-01-26,1,61,4,Premium
44,2024-01-27,2,46,3,Premium
44,2024-01-28,3,28,4,Premium
44,2024-01-29,2,54,1,Premium
44,2024-01-30,1,25,2,Premium
44,2024-01-31,1,29,0,Premium
45,2024-01-04,0,28,0,Gratuito
45,2024-01-06,0,11,1,Gratuito
45,2024-01-07,0,19,0,Gratuito
45,2024-01-08,5,26,2,Gratuito
45,2024-01-09,0,18,0,Gratuito
45,2024-01-11,0,38,0,Gratuito
45,2024-01-12,1,11,0,Gratuito
45,2024-01-13,3,21,0,Gratuito
45,2024-01-14,0,11,1,Gratuito
45,2024-01-15,0,20,0,Gratuito
45,2024-01-18,2,15,0,Gratuito
45,2024-01-19,0,18,2,Gratuito
45,2024-01-20,1,29,1,Gratuito
45,2024-01-22,1,17,1,Gratuito
45,2024-01-23,0,27,1,Gratuito
45,2024-01-24,1,34,0,Gratuito
45,2024-01-25,0,18,0,Gratuito
45,2024-01-27,2,0,0,Gratuito
45,2024-01-28,0,33,1,Gratuito
45,2024-01-29,1,17,1,Gratuito
46,2024-01-02,3,41,4,Premium
46,2024-01-03,3,42,2,Premium
46,2024-01-04,2,33,2,Premium
46,2024-01-06,2,63,0,Premium
46,2024-01-07,5,53,1,Premium
46,2024-01-08,0,53,0,Premium
46,2024-01-09,3,40,2,Premium
46,2024-01-10,2,40,0,Premium
46,2024-01-11,2,27,2,Premium
46,2024-01-13,3,34,0,Premium
46,2024-01-14,3,57,0,Premium
46,2024-01-16,3,55,2,Premium
46,2024-01-17,2,46,0,Premium
46,2024-01-20,2,33,1,Premium
46,2024-01-22,2,56,1,Premium
46,2024-01-23,0,48,1,Premium
46,2024-01-25,3,44,3,Premium
46,2024-01-26,1,26,2,Premium
46,2024-01-27,5,43,1,Premium
46,2024-01-29,2,39,2,Premium
46,2024-01-30,4,47,0,Premium
46,2024-01-31,3,52,0,Premium
47,2024-01-01,2,62,3,Premium
47,2024-01-02,1,22,2,Premium
47,2024-01-03,1,41,4,Premium
47,2024-01-04,3,44,0,Premium
47,2024-01-05,2,52,0,Premium
47,2024-01-06,1,42,1,Premium
47,2024-01-10,2,29,1,Premium
47,2024-01-11,2,52,1,Premium
47,2024-01-12,2,39,0,Premium
47,2024-01-14,1,41,1,Premium
47,2024-01-15,3,51,2,Premium
47,2024-01-17,1,30,1,Premium
47,2024-01-18,1,44,0,Premium
47,2024-01-21,1,41,3,Premium
47,2024-01-22,0,48,0,Premium
47,2024-01-23,3,45,2,Premium
47,2024-01-24,2,56,2,Premium
47,2024-01-25,4,65,0,Premium
47,2024-01-26,0,43,1,Premium
47,2024-01-27,5,31,0,Premium
47,2024-01-29,3,48,1,Premium
47,2024-01-30,3,44,1,Premium
48,2024-01-01,0,15,0,Gratuito
48,2024-01-02,3,31,1,Gratuito
48,2024-01-04,1,31,0,Gratuito
48,2024-01-06,1,20,1,Gratuito
48,2024-01-07,1,27,0,Gratuito
48,2024-01-10,0,15,0,Gratuito
48,2024-01-11,0,28,0,Gratuito
48,2024-01-12,1,10,0,Gratuito
48,2024-01-13,0,18,0,Gratuito
48,2024-01-15,0,9,0,Gratuito
48,2024-01-17,0,24,0,Gratuito
48,2024-01-20,0,13,1,Gratuito
48,2024-01-21,0,10,1,Gratuito
48,2024-01-22,0,15,1,Gratuito
48,2024-01-25,0,18,0,Gratuito
48,2024-01-26,0,4,0,Gratuito
48,2024-01-27,0,15,0,Gratuito
48,2024-01-31,0,27,0,Gratuito
49,2024-01-01,0,33,0,Gratuito
49,2024-01-03,3,36,0,Gratuito
49,2024-01-04,0,12,0,Gratuito
49,2024-01-05,1,17,0,Gratuito
49,2024-01-06,2,33,1,Gratuito
49,2024-01-07,0,20,0,Gratuito
49,2024-01-08,1,32,0,Gratuito
49,2024-01-09,2,34,0,Gratuito
49,2024-01-12,1,26,1,Gratuito
49,2024-01-14,3,4,0,Gratuito
49,2024-01-15,1,26,0,Gratuito
49,2024-01-16,2,2,0,Gratuito
49,2024-01-17,0,9,1,Gratuito
49,2024-01-18,1,34,0,Gratuito
49,2024-01-19,0,4,0,Gratuito
49,2024-01-21,1,8,2,Gratuito
49,2024-01-22,1,44,0,Gratuito
49,2024-01-24,2,23,2,Gratuito
49,2024-01-25,1,28,0,Gratuito
49,2024-01-28,0,38,1,Gratuito
49,2024-01-29,0,10,0,Gratuito
49,2024-01-30,3,20,1,Gratuito
49,2024-01-31,1,22,1,Gratuito
50,2024-01-02,1,13,2,Gratuito
50,2024-01-03,1,25,1,Gratuito
50,2024-01-04,0,13,1,Gratuito
50,2024-01-05,0,33,1,Gratuito
50,2024-01-06,1,33,2,Gratuito
50,2024-01-09,1,27,1,Gratuito
50,2024-01-10,1,18,0,Gratuito
50,2024-01-11,1,7,2,Gratuito
50,2024-01-12,1,22,0,Gratuito
50,2024-01-13,2,16,1,Gratuito
50,2024-01-14,2,3,0,Gratuito
50,2024-01-15,2,20,0,Gratuito
50,2024-01-16,2,10,0,Gratuito
50,2024-01-17,1,23,0,Gratuito
50,2024-01-18,1,14,1,Gratuito
50,2024-01-20,0,27,1,Gratuito
50,2024-01-22,1,41,0,Gratuito
50,2024-01-23,0,30,0,Gratuito
50,2024-01-26,0,30,0,Gratuito
50,2024-01-28,1,31,0,Gratuito
50,2024-01-29,2,26,0,Gratuito
50,2024-01-30,0,41,0,Gratuito
50,2024-01-31,1,1,0,Gratuito
51,2024-01-03,1,19,1,Gratuito
51,2024-01-05,1,5,0,Gratuito
51,2024-01-06,0,27,0,Gratuito
51,2024-01-08,1,27,0,Gratuito
51,2024-01-10,0,0,1,Gratuito
51,2024-01-11,0,17,2,Gratuito
51,2024-01-15,0,21,0,Gratuito
51,2024-01-16,0,14,0,Gratuito
51,2024-01-18,3,23,0,Gratuito
51,2024-01-19,0,37,1,Gratuito
51,2024-01-20,0,21,0,Gratuito
51,2024-01-21,1,10,1,Gratuito
51,2024-01-24,0,36,0,Gratuito
51,2024-01-25,3,22,1,Gratuito
51,2024-01-28,0,17,2,Gratuito
51,2024-01-30,0,21,1,Gratuito
52,2024-01-01,3,29,1,Gratuito
52,2024-01-02,0,22,0,Gratuito
52,2024-01-03,3,16,1,Gratuito
52,2024-01-04,1,15,0,Gratuito
52,2024-01-05,0,33,0,Gratuito
52,2024-01-06,1,26,1,Gratuito
52,2024-01-07,1,11,0,Gratuito
52,2024-01-08,3,23,1,Gratuito
52,2024-01-09,0,6,0,Gratuito
52,2024-01-10,2,27,1,Gratuito
52,2024-01-11,1,23,3,Gratuito
52,2024-01-12,0,31,1,Gratuito
52,2024-01-13,2,27,0,Gratuito
52,2024-01-14,1,25,0,Gratuito
52,2024-01-16,3,20,0,Gratuito
52,2024-01-17,3,24,1,Gratuito
52,2024-01-18,0,38,1,Gratuito
52,2024-01-20,1,36,0,Gratuito
52,2024-01-22,1,12,0,Gratuito
52,2024-01-23,2,15,2,Gratuito
52,2024-01-24,1,27,0,Gratuito
52,2024-01-27,0,15,0,Gratuito
52,2024-01-29,1,6,0,Gratuito
52,2024-01-30,0,21,0,Gratuito
52,2024-01-31,0,35,0,Gratuito
53,2024-01-01,3,40,2,Premium
53,2024-01-02,1,47,1,Premium
53,2024-01-03,3,40,0,Premium
53,2024-01-04,0,31,3,Premium
53,2024-01-05,1,50,2,Premium
53,2024-01-06,3,56,2,Premium
53,2024-01-09,4,54,1,Premium
53,2024-01-13,3,47,3,Premium
53,2024-01-14,1,45,1,Premium
53,2024-01-16,1,57,1,Premium
53,2024-01-17,2,58,2,Premium
53,2024-01-18,2,26,1,Premium
53,2024-01-20,1,47,5,Premium
53,2024-01-21,1,35,0,Premium
53,2024-01-22,3,44,1,Premium
53,2024-01-23,2,35,1,Premium
53,2024-01-24,0,35,1,Premium
53,2024-01-25,2,44,0,Premium
53,2024-01-28,1,50,1,Premium
53,2024-01-29,1,55,4,Premium
53,2024-01-30,2,46,1,Premium
53,2024-01-31,2,46,2,Premium
54,2024-01-02,1,59,1,Premium
54,2024-01-03,0,54,0,Premium
54,2024-01-05,2,52,1,Premium
54,2024-01-06,2,32,3,Premium
54,2024-01-07,1,42,2,Premium
54,2024-01-08,2,46,0,Premium
54,2024-01-09,0,38,3,Premium
54,2024-01-10,2,47,1,Premium
54,2024-01-11,2,43,3,Premium
54,2024-01-13,4,51,2,Premium
54,2024-01-14,1,40,4,Premium
54,2024-01-15,0,66,1,Premium
54,2024-01-17,2,37,2,Premium
54,2024-01-18,2,58,0,Premium
54,2024-01-21,3,38,2,Premium
54,2024-01-22,2,53,1,Premium
54,2024-01-23,1,46,3,Premium
54,2024-01-24,1,34,0,Premium
54,2024-01-25,2,54,0,Premium
54,2024-01-26,4,52,2,Premium
54,2024-01-29,2,44,1,Premium
55,2024-01-01,1,34,2,Gratuito
55,2024-01-02,0,11,0,Gratuito
55,2024-01-03,1,30,0,Gratuito
55,2024-01-05,0,18,1,Gratuito
55,2024-01-06,0,24,0,Gratuito
55,2024-01-08,1,21,0,Gratuito
55,2024-01-09,0,19,0,Gratuito
55,2024-01-12,0,35,0,Gratuito
55,2024-01-14,3,0,0,Gratuito
55,2024-01-15,3,18,0,Gratuito
55,2024-01-16,1,39,0,Gratuito
55,2024-01-17,1,35,1,Gratuito
55,2024-01-18,1,21,1,Gratuito
55,2024-01-19,1,15,2,Gratuito
55,2024-01-20,1,26,0,Gratuito
55,2024-01-21,0,9,0,Gratuito
55,2024-01-22,1,19,0,Gratuito
55,2024-01-24,0,1,1,Gratuito
55,2024-01-25,1,13,0,Gratuito
55,2024-01-26,1,25,0,Gratuito
55,2024-01-27,0,21,1,Gratuito
55,2024-01-28,1,19,3,Gratuito
55,2024-01-29,0,20,1,Gratuito
55,2024-01-30,1,22,1,Gratuito
55,2024-01-31,0,24,2,Gratuito
56,2024-01-01,0,15,1,Premium
56,2024-01-02,2,39,1,Premium
56,2024-01-06,1,54,2,Premium
56,2024-01-08,5,32,2,Premium
56,2024-01-09,4,53,2,Premium
56,2024-01-10,0,55,0,Premium
56,2024-01-11,3,58,1,Premium
56,2024-01-12,1,50,0,Premium
56,2024-01-13,2,53,0,Premium
56,2024-01-14,3,75,2,Premium
56,2024-01-16,1,61,3,Premium
56,2024-01-17,2,47,0,Premium
56,2024-01-18,2,36,2,Premium
56,2024-01-19,1,45,4,Premium
56,2024-01-21,1,66,1,Premium
56,2024-01-22,1,54,1,Premium
56,2024-01-23,2,49,4,Premium
56,2024-01-26,1,27,0,Premium
56,2024-01-27,2,40,0,Premium
56,2024-01-28,3,60,1,Premium
56,2024-01-31,0,57,0,Premium
57,2024-01-01,0,10,0,Gratuito
57,2024-01-02,1,5,1,Gratuito
57,2024-01-03,1,6,2,Gratuito
57,2024-01-07,1,9,0,Gratuito
57,2024-01-08,2,21,0,Gratuito
57,2024-01-09,3,20,0,Gratuito
57,2024-01-10,2,25,2,Gratuito
57,2024-01-11,0,25,0,Gratuito
57,2024-01-13,1,16,1,Gratuito
57,2024-01-14,1,20,0,Gratuito
57,2024-01-15,1,30,0,Gratuito
57,2024-01-17,0,9,0,Gratuito
57,2024-01-18,0,17,1,Gratuito
57,2024-01-19,2,10,1,Gratuito
57,2024-01-20,0,20,0,Gratuito
57,2024-01-21,0,17,1,Gratuito
57,2024-01-22,0,12,1,Gratuito
57,2024-01-24,0,29,0,Gratuito
57,2024-01-25,1,0,0,Gratuito
57,2024-01-26,1,39,0,Gratuito
57,2024-01-29,2,38,0,Gratuito
57,2024-01-30,1,9,1,Gratuito
57,2024-01-31,1,14,1,Gratuito
58,2024-01-02,1,4,0,Gratuito
58,2024-01-03,3,4,0,Gratuito
58,2024-01-04,1,8,1,Gratuito
58,2024-01-05,1,23,1,Gratuito
58,2024-01-06,2,26,1,Gratuito
58,2024-01-08,2,21,0,Gratuito
58,2024-01-09,1,10,2,Gratuito
58,2024-01-10,1,27,0,Gratuito
58,2024-01-11,1,12,0,Gratuito
58,2024-01-13,2,21,0,Gratuito
58,2024-01-14,0,7,0,Gratuito
58,2024-01-15,1,22,0,Gratuito
58,2024-01-16,3,23,1,Gratuito
58,2024-01-17,1,17,2,Gratuito
58,2024-01-18,1,32,0,Gratuito
58,2024-01-23,3,11,0,Gratuito
58,2024-01-24,3,49,1,Gratuito
58,2024-01-25,1,1,2,Gratuito
58,2024-01-27,1,37,0,Gratuito
58,2024-01-28,2,0,0,Gratuito
58,2024-01-30,2,29,0,Gratuito
58,2024-01-31,0,22,1,Gratuito
59,2024-01-01,1,19,0,Gratuito
59,2024-01-03,0,15,0,Gratuito
59,2024-01-04,0,8,0,Gratuito
59,2024-01-05,0,24,1,Gratuito
59,2024-01-07,3,29,0,Gratuito
59,2024-01-11,1,0,0,Gratuito
59,2024-01-12,1,19,2,Gratuito
59,2024-01-13,1,13,0,Gratuito
59,2024-01-17,3,42,0,Gratuito
59,2024-01-18,2,31,0,Gratuito
59,2024-01-19,0,25,0,Gratuito
59,2024-01-20,0,9,0,Gratuito
59,2024-01-22,2,8,1,Gratuito
59,2024-01-24,0,28,0,Gratuito
59,2024-01-25,1,16,1,Gratuito
59,2024-01-26,0,17,0,Gratuito
59,2024-01-27,0,31,0,Gratuito
59,2024-01-28,1,41,1,Gratuito
59,2024-01-29,0,17,0,Gratuito
59,2024-01-31,2,16,0,Gratuito
60,2024-01-01,4,33,2,Gratuito
60,2024-01-02,0,19,1,Gratuito
60,2024-01-03,1,21,2,Gratuito
60,2024-01-04,0,24,3,Gratuito
60,2024-01-05,1,35,0,Gratuito
60,2024-01-06,0,20,0,Gratuito
60,2024-01-07,1,11,0,Gratuito
60,2024-01-08,1,45,0,Gratuito
60,2024-01-09,2,19,1,Gratuito
60,2024-01-10,0,23,2,Gratuito
60,2024-01-11,1,29,1,Gratuito
60,2024-01-12,1,33,1,Gratuito
60,2024-01-13,1,25,2,Gratuito
60,2024-01-15,1,18,0,Gratuito
60,2024-01-16,1,22,1,Gratuito
60,2024-01-19,0,29,0,Gratuito
60,2024-01-20,3,26,0,Gratuito
60,2024-01-21,0,21,2,Gratuito
60,2024-01-23,0,12,0,Gratuito
60,2024-01-24,0,15,0,Gratuito
60,2024-01-28,1,26,1,Gratuito
60,2024-01-29,0,19,1,Gratuito
60,2024-01-31,0,23,0,Gratuito
61,2024-01-02,2,57,3,Premium
61,2024-01-04,6,52,0,Premium
61,2024-01-05,3,46,0,Premium
61,2024-01-06,4,28,2,Premium
61,2024-01-07,1,35,2,Premium
61,2024-01-08,0,52,2,Premium
61,2024-01-09,1,58,0,Premium
61,2024-01-10,3,45,0,Premium
61,2024-01-14,0,44,3,Premium
61,2024-01-17,1,41,1,Premium
61,2024-01-18,2,48,1,Premium
61,2024-01-19,1,45,1,Premium
61,2024-01-20,4,40,4,Premium
61,2024-01-21,3,46,1,Premium
61,2024-01-23,1,52,2,Premium
61,2024-01-24,4,57,1,Premium
61,2024-01-25,1,40,2,Premium
61,2024-01-26,2,60,1,Premium
61,2024-01-27,4,58,4,Premium
61,2024-01-28,2,46,0,Premium
61,2024-01-29,0,52,0,Premium
61,2024-01-31,0,30,2,Premium
62,2024-01-02,0,6,0,Gratuito
62,2024-01-03,1,14,0,Gratuito
62,2024-01-05,0,20,0,Gratuito
62,2024-01-09,0,28,1,Gratuito
62,2024-01-12,3,18,0,Gratuito
62,2024-01-13,1,52,0,Gratuito
62,2024-01-14,0,21,0,Gratuito
62,2024-01-15,2,12,0,Gratuito
62,2024-01-20,0,21,0,Gratuito
62,2024-01-22,1,12,0,Gratuito
62,2024-01-23,1,35,0,Gratuito
62,2024-01-24,1,24,0,Gratuito
62,2024-01-25,1,23,0,Gratuito
62,2024-01-26,0,13,0,Gratuito
62,2024-01-27,0,22,2,Gratuito
62,2024-01-28,1,27,0,Gratuito
62,2024-01-29,3,25,1,Gratuito
62,2024-01-30,0,16,1,Gratuito
62,2024-01-31,0,31,0,Gratuito
63,2024-01-02,0,34,0,Gratuito
63,2024-01-03,0,22,1,Gratuito
63,2024-01-04,1,11,1,Gratuito
63,2024-01-06,1,38,0,Gratuito
63,2024-01-07,0,9,0,Gratuito
63,2024-01-10,0,30,0,Gratuito
63,2024-01-11,1,24,1,Gratuito
63,2024-01-12,0,29,0,Gratuito
63,2024-01-13,2,22,0,Gratuito
63,2024-01-14,0,19,0,Gratuito
63,2024-01-15,2,9,2,Gratuito
63,2024-01-18,0,25,0,Gratuito
63,2024-01-19,2,37,2,Gratuito
63,2024-01-20,1,20,0,Gratuito
63,2024-01-21,0,0,0,Gratuito
63,2024-01-22,1,17,1,Gratuito
63,2024-01-23,1,18,1,Gratuito
63,2024-01-24,1,6,0,Gratuito
63,2024-01-25,0,27,0,Gratuito
63,2024-01-26,1,38,0,Gratuito
63,2024-01-27,0,23,0,Gratuito
63,2024-01-28,2,26,1,Gratuito
63,2024-01-29,2,10,1,Gratuito
64,2024-01-02,2,14,1,Gratuito
64,2024-01-03,0,0,0,Gratuito
64,2024-01-06,1,10,0,Gratuito
64,2024-01-08,1,11,1,Gratuito
64,2024-01-09,2,12,0,Gratuito
64,2024-01-11,0,11,1,Gratuito
64,2024-01-14,0,21,0,Gratuito
64,2024-01-15,1,25,0,Gratuito
64,2024-01-16,1,13,1,Gratuito
64,2024-01-17,0,9,0,Gratuito
64,2024-01-18,0,1,1,Gratuito
64,2024-01-24,2,31,1,Gratuito
64,2024-01-25,3,19,0,Gratuito
64,2024-01-26,1,4,1,Gratuito
64,2024-01-27,1,36,1,Gratuito
64,2024-01-29,1,33,1,Gratuito
64,2024-01-30,0,4,0,Gratuito
65,2024-01-01,1,23,1,Gratuito
65,2024-01-02,0,25,0,Gratuito
65,2024-01-04,2,32,1,Gratuito
65,2024-01-05,2,18,0,Gratuito
65,2024-01-06,0,7,0,Gratuito
65,2024-01-07,1,18,0,Gratuito
65,2024-01-09,2,22,1,Gratuito
65,2024-01-10,2,20,1,Gratuito
65,2024-01-12,0,28,0,Gratuito
65,2024-01-16,2,21,1,Gratuito
65,2024-01-17,2,23,3,Gratuito
65,2024-01-19,1,4,1,Gratuito
65,2024-01-20,1,19,2,Gratuito
65,2024-01-21,1,15,0,Gratuito
65,2024-01-22,1,35,1,Gratuito
65,2024-01-23,0,6,0,Gratuito
65,2024-01-24,0,29,0,Gratuito
65,2024-01-25,1,25,0,Gratuito
65,2024-01-26,2,35,0,Gratuito
65,2024-01-27,0,29,0,Gratuito
65,2024-01-28,2,0,0,Gratuito
65,2024-01-29,0,18,2,Gratuito
65,2024-01-30,1,19,1,Gratuito
65,2024-01-31,1,23,0,Gratuito
66,2024-01-02,3,38,0,Premium
66,2024-01-05,3,62,2,Premium
66,2024-01-06,2,64,1,Premium
66,2024-01-07,3,45,0,Premium
66,2024-01-10,0,43,2,Premium
66,2024-01-11,3,42,1,Premium
66,2024-01-12,1,59,1,Premium
66,2024-01-13,2,47,1,Premium
66,2024-01-15,3,60,1,Premium
66,2024-01-16,4,29,2,Premium
66,2024-01-17,0,43,2,Premium
66,2024-01-18,2,39,0,Premium
66,2024-01-20,1,63,0,Premium
66,2024-01-21,1,43,1,Premium
66,2024-01-22,3,37,0,Premium
66,2024-01-24,0,49,1,Premium
66,2024-01-25,3,26,6,Premium
66,2024-01-26,1,47,2,Premium
66,2024-01-27,3,63,2,Premium
66,2024-01-30,1,50,1,Premium
66,2024-01-31,2,37,0,Premium
67,2024-01-02,1,37,0,Gratuito
67,2024-01-03,2,7,1,Gratuito
67,2024-01-04,1,24,0,Gratuito
67,2024-01-06,3,21,0,Gratuito
67,2024-01-07,0,15,0,Gratuito
67,2024-01-08,0,38,1,Gratuito
67,2024-01-10,1,19,0,Gratuito
67,2024-01-11,0,14,1,Gratuito
67,2024-01-12,3,17,0,Gratuito
67,2024-01-13,1,24,0,Gratuito
67,2024-01-14,3,31,3,Gratuito
67,2024-01-15,1,33,1,Gratuito
67,2024-01-16,0,23,0,Gratuito
67,2024-01-19,1,23,1,Gratuito
67,2024-01-21,1,20,1,Gratuito
67,2024-01-22,0,7,0,Gratuito
67,2024-01-23,2,11,0,Gratuito
67,2024-01-24,1,10,0,Gratuito
67,2024-01-25,0,39,0,Gratuito
67,2024-01-28,1,41,0,Gratuito
67,2024-01-29,0,8,2,Gratuito
67,2024-01-30,1,22,0,Gratuito
67,2024-01-31,0,32,0,Gratuito
68,2024-01-03,4,25,1,Gratuito
68,2024-01-05,2,12,0,Gratuito
68,2024-01-06,4,8,1,Gratuito
68,2024-01-08,1,29,0,Gratuito
68,2024-01-09,1,10,1,Gratuito
68,2024-01-10,2,13,0,Gratuito
68,2024-01-12,2,38,1,Gratuito
68,2024-01-13,1,1,0,Gratuito
68,2024-01-14,1,27,0,Gratuito
68,2024-01-17,0,16,0,Gratuito
68,2024-01-19,1,15,1,Gratuito
68,2024-01-20,2,24,2,Gratuito
68,2024-01-21,1,12,1,Gratuito
68,2024-01-23,0,15,1,Gratuito
68,2024-01-24,1,24,0,Gratuito
68,2024-01-25,1,19,0,Gratuito
68,2024-01-26,1,18,0,Gratuito
68,2024-01-28,1,16,1,Gratuito
68,2024-01-29,1,23,1,Gratuito
69,2024-01-01,1,46,1,Premium
69,2024-01-02,4,54,3,Premium
69,2024-01-03,1,24,0,Premium
69,2024-01-05,6,48,3,Premium
69,2024-01-06,0,44,1,Premium
69,2024-01-10,1,52,0,Premium
69,2024-01-11,0,50,2,Premium
69,2024-01-13,2,29,1,Premium
69,2024-01-14,2,29,2,Premium
69,2024-01-16,4,20,3,Premium
69,2024-01-17,6,48,1,Premium
69,2024-01-19,2,58,4,Premium
69,2024-01-20,4,52,0,Premium
69,2024-01-22,2,39,1,Premium
69,2024-01-24,2,65,0,Premium
69,2024-01-26,0,54,2,Premium
69,2024-01-27,4,40,1,Premium
69,2024-01-29,1,24,2,Premium
69,2024-01-30,1,37,0,Premium
69,2024-01-31,1,57,2,Premium
70,2024-01-01,1,7,1,Gratuito
70,2024-01-02,0,2,0,Gratuito
70,2024-01-03,4,19,0,Gratuito
70,2024-01-04,0,16,1,Gratuito
70,2024-01-05,0,26,1,Gratuito
70,2024-01-06,2,0,1,Gratuito
70,2024-01-08,1,7,3,Gratuito
70,2024-01-09,0,31,2,Gratuito
70,2024-01-10,2,20,1,Gratuito
70,2024-01-11,0,12,0,Gratuito
70,2024-01-12,0,33,0,Gratuito
70,2024-01-13,2,3,0,Gratuito
70,2024-01-14,4,27,1,Gratuito
70,2024-01-15,1,10,1,Gratuito
70,2024-01-18,0,4,0,Gratuito
70,2024-01-19,1,16,1,Gratuito
70,2024-01-20,2,17,0,Gratuito
70,2024-01-23,0,28,0,Gratuito
70,2024-01-25,1,24,0,Gratuito
70,2024-01-26,1,9,0,Gratuito
70,2024-01-30,0,19,1,Gratuito
71,2024-01-02,1,23,0,Gratuito
71,2024-01-03,1,32,0,Gratuito
71,2024-01-04,2,42,0,Gratuito
71,2024-01-05,1,15,0,Gratuito
71,2024-01-06,0,23,1,Gratuito
71,2024-01-07,0,10,1,Gratuito
71,2024-01-08,0,28,0,Gratuito
71,2024-01-09,0,7,0,Gratuito
71,2024-01-10,2,21,0,Gratuito
71,2024-01-12,0,24,0,Gratuito
71,2024-01-13,1,15,0,Gratuito
71,2024-01-14,0,9,0,Gratuito
71,2024-01-16,2,32,0,Gratuito
71,2024-01-17,3,22,0,Gratuito
71,2024-01-18,1,18,0,Gratuito
71,2024-01-20,1,14,0,Gratuito
71,2024-01-22,3,24,0,Gratuito
71,2024-01-23,0,0,0,Gratuito
71,2024-01-24,3,27,1,Gratuito
71,2024-01-25,1,30,1,Gratuito
71,2024-01-26,2,11,1,Gratuito
71,2024-01-27,1,18,0,Gratuito
71,2024-01-28,0,7,0,Gratuito
71,2024-01-29,2,26,0,Gratuito
71,2024-01-30,1,33,0,Gratuito
71,2024-01-31,3,17,1,Gratuito
72,2024-01-01,2,48,0,Premium
72,2024-01-02,2,37,1,Premium
72,2024-01-05,0,52,0,Premium
72,2024-01-07,1,50,1,Premium
72,2024-01-11,4,40,4,Premium
72,2024-01-12,2,37,2,Premium
72,2024-01-13,0,51,0,Premium
72,2024-01-14,4,36,1,Premium
72,2024-01-15,2,50,2,Premium
72,2024-01-17,0,52,2,Premium
72,2024-01-18,1,60,5,Premium
72,2024-01-19,1,30,1,Premium
72,2024-01-20,2,38,0,Premium
72,2024-01-21,1,41,1,Premium
72,2024-01-23,3,55,2,Premium
72,2024-01-25,1,44,2,Premium
72,2024-01-26,4,46,2,Premium
72,2024-01-28,2,39,2,Premium
72,2024-01-29,5,41,2,Premium
73,2024-01-02,1,34,2,Gratuito
73,2024-01-03,1,15,1,Gratuito
73,2024-01-05,0,20,0,Gratuito
73,2024-01-07,2,5,0,Gratuito
73,2024-01-08,3,25,1,Gratuito
73,2024-01-09,1,26,0,Gratuito
73,2024-01-10,1,17,2,Gratuito
73,2024-01-13,2,25,0,Gratuito
73,2024-01-15,2,27,0,Gratuito
73,2024-01-16,1,28,1,Gratuito
73,2024-01-18,0,32,1,Gratuito
73,2024-01-19,0,14,0,Gratuito
73,2024-01-20,1,9,0,Gratuito
73,2024-01-23,0,17,0,Gratuito
73,2024-01-24,0,6,0,Gratuito
73,2024-01-25,2,22,1,Gratuito
73,2024-01-26,2,33,0,Gratuito
73,2024-01-27,1,16,1,Gratuito
73,2024-01-28,2,22,1,Gratuito
73,2024-01-29,1,18,1,Gratuito
73,2024-01-30,1,15,0,Gratuito
73,2024-01-31,1,18,0,Gratuito
74,2024-01-01,2,28,2,Premium
74,2024-01-02,0,48,4,Premium
74,2024-01-03,3,70,1,Premium
74,2024-01-04,2,50,0,Premium
74,2024-01-06,1,43,1,Premium
74,2024-01-08,4,51,0,Premium
74,2024-01-10,4,51,0,Premium
74,2024-01-11,2,66,2,Premium
74,2024-01-13,3,36,3,Premium
74,2024-01-14,0,49,2,Premium
74,2024-01-15,2,35,0,Premium
74,2024-01-19,3,57,2,Premium
74,2024-01-20,0,50,4,Premium
74,2024-01-21,3,47,2,Premium
74,2024-01-24,0,55,3,Premium
74,2024-01-25,1,44,2,Premium
74,2024-01-26,3,38,3,Premium
74,2024-01-27,2,45,2,Premium
74,2024-01-28,1,29,1,Premium
74,2024-01-29,2,55,2,Premium
74,2024-01-30,2,41,0,Premium
74,2024-01-31,2,45,2,Premium
75,2024-01-01,1,11,1,Gratuito
75,2024-01-02,1,10,1,Gratuito
75,2024-01-03,0,28,2,Gratuito
75,2024-01-05,0,15,0,Gratuito
75,2024-01-06,0,1,0,Gratuito
75,2024-01-07,0,40,0,Gratuito
75,2024-01-09,1,16,1,Gratuito
75,2024-01-10,5,29,0,Gratuito
75,2024-01-11,2,17,0,Gratuito
75,2024-01-12,0,27,0,Gratuito
75,2024-01-13,4,18,1,Gratuito
75,2024-01-14,0,20,0,Gratuito
75,2024-01-15,0,20,1,Gratuito
75,2024-01-16,0,31,0,Gratuito
75,2024-01-17,0,20,1,Gratuito
75,2024-01-18,2,13,0,Gratuito
75,2024-01-19,2,29,0,Gratuito
75,2024-01-20,0,23,0,Gratuito
75,2024-01-21,0,5,2,Gratuito
75,2024-01-25,2,31,1,Gratuito
75,2024-01-26,0,43,0,Gratuito
75,2024-01-27,3,0,2,Gratuito
75,2024-01-28,0,41,0,Gratuito
75,2024-01-29,0,27,0,Gratuito
75,2024-01-30,3,40,1,Gratuito
75,2024-01-31,3,22,1,Gratuito
76,2024-01-01,1,22,0,Gratuito
76,2024-01-02,0,18,0,Gratuito
76,2024-01-05,2,13,0,Gratuito
76,2024-01-07,0,20,0,Gratuito
76,2024-01-11,0,5,0,Gratuito
76,2024-01-12,1,42,1,Gratuito
76,2024-01-15,4,20,1,Gratuito
76,2024-01-16,1,45,0,Gratuito
76,2024-01-17,3,11,1,Gratuito
76,2024-01-18,1,26,0,Gratuito
76,2024-01-19,2,3,1,Gratuito
76,2024-01-20,1,24,1,Gratuito
76,2024-01-21,0,21,0,Gratuito
76,2024-01-23,2,8,0,Gratuito
76,2024-01-24,0,19,1,Gratuito
76,2024-01-25,3,24,0,Gratuito
76,2024-01-27,1,29,0,Gratuito
76,2024-01-28,1,8,0,Gratuito
76,2024-01-29,0,22,0,Gratuito
76,2024-01-30,2,20,1,Gratuito
77,2024-01-01,0,24,0,Gratuito
77,2024-01-02,3,24,0,Gratuito
77,2024-01-04,1,16,0,Gratuito
77,2024-01-06,0,40,0,Gratuito
77,2024-01-07,1,22,2,Gratuito
77,2024-01-08,3,16,1,Gratuito
77,2024-01-09,3,20,1,Gratuito
77,2024-01-11,3,24,0,Gratuito
77,2024-01-14,1,22,0,Gratuito
77,2024-01-16,1,41,1,Gratuito
77,2024-01-18,2,23,0,Gratuito
77,2024-01-20,1,7,1,Gratuito
77,2024-01-24,1,32,1,Gratuito
77,2024-01-27,1,18,1,Gratuito
77,2024-01-29,1,21,0,Gratuito
77,2024-01-31,1,14,0,Gratuito
78,2024-01-01,4,46,2,Premium
78,2024-01-02,2,32,1,Premium
78,2024-01-03,5,57,2,Premium
78,2024-01-04,0,33,1,Premium
78,2024-01-05,3,48,4,Premium
78,2024-01-08,3,48,1,Premium
78,2024-01-09,2,44,1,Premium
78,2024-01-10,2,50,1,Premium
78,2024-01-12,0,22,1,Premium
78,2024-01-14,2,57,1,Premium
78,2024-01-16,2,54,1,Premium
78,2024-01-19,3,57,1,Premium
78,2024-01-20,1,52,0,Premium
78,2024-01-21,2,33,1,Premium
78,2024-01-23,2,42,0,Premium
78,2024-01-24,5,31,2,Premium
78,2024-01-25,2,32,1,Premium
78,2024-01-26,2,45,0,Premium
78,2024-01-30,1,43,2,Premium
78,2024-01-31,4,26,0,Premium
79,2024-01-01,0,51,0,Premium
79,2024-01-02,1,64,2,Premium
79,2024-01-05,2,45,0,Premium
79,2024-01-06,2,41,1,Premium
79,2024-01-07,1,42,6,Premium
79,2024-01-08,1,44,2,Premium
79,2024-01-10,1,59,4,Premium
79,2024-01-12,5,38,3,Premium
79,2024-01-13,1,52,2,Premium
79,2024-01-15,1,43,0,Premium
79,2024-01-16,2,57,2,Premium
79,2024-01-17,1,50,2,Premium
79,2024-01-18,3,54,2,Premium
79,2024-01-20,7,31,3,Premium
79,2024-01-22,0,47,1,Premium
79,2024-01-23,4,46,2,Premium
79,2024-01-24,3,24,3,Premium
79,2024-01-25,4,37,2,Premium
79,2024-01-26,1,62,1,Premium
79,2024-01-27,1,49,4,Premium
79,2024-01-28,3,53,4,Premium
79,2024-01-29,3,49,2,Premium
79,2024-01-30,1,59,2,Premium
79,2024-01-31,0,45,0,Premium
80,2024-01-01,0,18,1,Gratuito
80,2024-01-02,2,23,1,Gratuito
80,2024-01-03,1,25,0,Gratuito
80,2024-01-05,0,30,0,Gratuito
80,2024-01-06,3,0,0,Gratuito
80,2024-01-07,1,4,0,Gratuito
80,2024-01-08,1,12,2,Gratuito
80,2024-01-10,2,11,0,Gratuito
80,2024-01-13,1,42,0,Gratuito
80,2024-01-14,0,6,0,Gratuito
80,2024-01-15,0,18,0,Gratuito
80,2024-01-16,3,9,2,Gratuito
80,2024-01-19,0,16,0,Gratuito
80,2024-01-20,1,9,0,Gratuito
80,2024-01-21,1,6,1,Gratuito
80,2024-01-22,1,22,3,Gratuito
80,2024-01-23,0,30,1,Gratuito
80,2024-01-24,0,14,1,Gratuito
80,2024-01-25,2,28,1,Gratuito
80,2024-01-26,1,11,0,Gratuito
80,2024-01-28,1,18,0,Gratuito
80,2024-01-29,5,32,0,Gratuito
80,2024-01-30,2,29,1,Gratuito
81,2024-01-01,3,42,6,Premium
81,2024-01-02,1,34,1,Premium
81,2024-01-04,0,43,0,Premium
81,2024-01-05,1,50,0,Premium
81,2024-01-09,1,58,3,Premium
81,2024-01-10,3,33,0,Premium
81,2024-01-12,2,42,2,Premium
81,2024-01-13,2,28,0,Premium
81,2024-01-14,0,46,0,Premium
81,2024-01-15,2,52,3,Premium
81,2024-01-16,2,46,0,Premium
81,2024-01-17,0,48,2,Premium
81,2024-01-19,1,29,2,Premium
81,2024-01-21,1,36,0,Premium
81,2024-01-25,3,46,2,Premium
81,2024-01-26,1,51,2,Premium
81,2024-01-27,4,38,0,Premium
81,2024-01-28,7,40,3,Premium
81,2024-01-29,2,34,0,Premium
81,2024-01-30,4,68,3,Premium
81,2024-01-31,2,52,2,Premium
82,2024-01-01,0,25,2,Gratuito
82,2024-01-02,1,7,0,Gratuito
82,2024-01-04,0,32,0,Gratuito
82,2024-01-05,0,34,0,Gratuito
82,2024-01-06,2,7,0,Gratuito
82,2024-01-07,0,13,2,Gratuito
82,2024-01-09,0,34,0,Gratuito
82,2024-01-10,0,27,0,Gratuito
82,2024-01-16,2,37,1,Gratuito
82,2024-01-18,1,24,1,Gratuito
82,2024-01-19,1,7,0,Gratuito
82,2024-01-20,1,10,0,Gratuito
82,2024-01-21,2,23,0,Gratuito
82,2024-01-22,1,26,1,Gratuito
82,2024-01-24,2,30,1,Gratuito
82,2024-01-27,0,7,0,Gratuito
82,2024-01-28,1,0,0,Gratuito
82,2024-01-29,2,8,0,Gratuito
82,2024-01-30,2,16,0,Gratuito
82,2024-01-31,1,31,0,Gratuito
83,2024-01-02,1,52,2,Premium
83,2024-01-03,0,29,2,Premium
83,2024-01-04,3,46,1,Premium
83,2024-01-05,2,53,1,Premium
83,2024-01-06,1,44,0,Premium
83,2024-01-08,6,24,2,Premium
83,2024-01-10,0,32,0,Premium
83,2024-01-12,1,35,3,Premium
83,2024-01-13,1,31,2,Premium
83,2024-01-14,1,12,1,Premium
83,2024-01-15,0,44,2,Premium
83,2024-01-16,2,32,3,Premium
83,2024-01-17,1,44,1,Premium
83,2024-01-18,2,48,1,Premium
83,2024-01-20,0,16,2,Premium
83,2024-01-21,0,57,4,Premium
83,2024-01-22,2,46,0,Premium
83,2024-01-24,4,30,1,Premium
83,2024-01-25,0,60,3,Premium
83,2024-01-26,3,37,0,Premium
83,2024-01-28,1,32,1,Premium
83,2024-01-29,1,49,1,Premium
84,2024-01-02,0,42,0,Gratuito
84,2024-01-03,0,22,1,Gratuito
84,2024-01-05,0,8,1,Gratuito
84,2024-01-08,2,8,0,Gratuito
84,2024-01-09,0,11,0,Gratuito
84,2024-01-10,1,9,0,Gratuito
84,2024-01-11,1,23,0,Gratuito
84,2024-01-12,1,8,0,Gratuito
84,2024-01-13,0,1,1,Gratuito
84,2024-01-15,3,43,0,Gratuito
84,2024-01-17,2,27,1,Gratuito
84,2024-01-18,0,18,0,Gratuito
84,2024-01-19,2,13,0,Gratuito
84,2024-01-21,1,18,0,Gratuito
84,2024-01-22,1,39,3,Gratuito
84,2024-01-26,2,25,2,Gratuito
84,2024-01-29,0,39,0,Gratuito
84,2024-01-30,1,34,0,Gratuito
84,2024-01-31,0,7,0,Gratuito
85,2024-01-01,0,13,0,Gratuito
85,2024-01-02,1,19,0,Gratuito
85,2024-01-03,2,22,1,Gratuito
85,2024-01-04,2,19,0,Gratuito
85,2024-01-05,1,17,1,Gratuito
85,2024-01-06,2,20,0,Gratuito
85,2024-01-07,2,15,0,Gratuito
85,2024-01-08,2,36,1,Gratuito
85,2024-01-09,0,21,0,Gratuito
85,2024-01-10,1,22,0,Gratuito
85,2024-01-12,3,29,0,Gratuito
85,2024-01-13,2,26,1,Gratuito
85,2024-01-14,0,12,0,Gratuito
85,2024-01-15,0,26,1,Gratuito
85,2024-01-18,0,11,0,Gratuito
85,2024-01-19,1,21,1,Gratuito
85,2024-01-20,0,28,0,Gratuito
85,2024-01-21,0,30,2,Gratuito
85,2024-01-22,3,21,0,Gratuito
85,2024-01-26,1,15,0,Gratuito
85,2024-01-27,0,23,0,Gratuito
85,2024-01-29,2,31,1,Gratuito
85,2024-01-30,0,35,0,Gratuito
85,2024-01-31,3,14,2,Gratuito
86,2024-01-02,1,1,0,Gratuito
86,2024-01-04,0,0,1,Gratuito
86,2024-01-05,0,19,1,Gratuito
86,2024-01-07,1,14,1,Gratuito
86,2024-01-09,0,9,0,Gratuito
86,2024-01-10,0,25,1,Gratuito
86,2024-01-11,0,20,0,Gratuito
86,2024-01-12,1,19,1,Gratuito
86,2024-01-13,0,19,0,Gratuito
86,2024-01-14,1,27,0,Gratuito
86,2024-01-15,2,14,0,Gratuito
86,2024-01-16,0,4,0,Gratuito
86,2024-01-19,0,20,1,Gratuito
86,2024-01-21,1,21,1,Gratuito
86,2024-01-22,2,26,1,Gratuito
86,2024-01-23,2,17,0,Gratuito
86,2024-01-24,0,12,1,Gratuito
86,2024-01-25,1,12,2,Gratuito
86,2024-01-27,1,3,2,Gratuito
86,2024-01-28,0,26,0,Gratuito
86,2024-01-29,2,23,1,Gratuito
86,2024-01-30,2,11,1,Gratuito
86,2024-01-31,1,18,0,Gratuito
87,2024-01-02,1,10,0,Gratuito
87,2024-01-03,1,6,2,Gratuito
87,2024-01-04,0,13,0,Gratuito
87,2024-01-05,0,10,1,Gratuito
87,2024-01-06,0,17,1,Gratuito
87,2024-01-07,1,40,0,Gratuito
87,2024-01-08,0,26,0,Gratuito
87,2024-01-09,2,27,1,Gratuito
87,2024-01-10,1,24,1,Gratuito
87,2024-01-13,1,0,2,Gratuito
87,2024-01-16,4,18,0,Gratuito
87,2024-01-17,1,12,1,Gratuito
87,2024-01-18,1,42,1,Gratuito
87,2024-01-19,1,29,0,Gratuito
87,2024-01-21,1,15,0,Gratuito
87,2024-01-23,1,18,1,Gratuito
87,2024-01-24,4,6,1,Gratuito
87,2024-01-25,1,23,1,Gratuito
87,2024-01-26,1,10,0,Gratuito
87,2024-01-29,1,14,0,Gratuito
87,2024-01-30,1,25,0,Gratuito
88,2024-01-01,2,3,1,Gratuito
88,2024-01-02,2,18,0,Gratuito
88,2024-01-03,0,17,0,Gratuito
88,2024-01-04,1,18,0,Gratuito
88,2024-01-06,0,0,1,Gratuito
88,2024-01-07,1,19,0,Gratuito
88,2024-01-08,2,11,1,Gratuito
88,2024-01-09,0,25,0,Gratuito
88,2024-01-10,0,17,1,Gratuito
88,2024-01-11,0,19,1,Gratuito
88,2024-01-15,0,41,0,Gratuito
88,2024-01-17,0,20,1,Gratuito
88,2024-01-19,0,36,1,Gratuito
88,2024-01-20,0,14,0,Gratuito
88,2024-01-23,0,13,1,Gratuito
88,2024-01-28,1,11,0,Gratuito
88,2024-01-30,0,37,0,Gratuito
88,2024-01-31,3,9,2,Gratuito
89,2024-01-03,2,23,1,Gratuito
89,2024-01-04,1,23,0,Gratuito
89,2024-01-06,0,9,1,Gratuito
89,2024-01-07,1,18,1,Gratuito
89,2024-01-09,0,23,0,Gratuito
89,2024-01-13,1,33,1,Gratuito
89,2024-01-14,0,24,0,Gratuito
89,2024-01-15,0,16,0,Gratuito
89,2024-01-16,1,22,0,Gratuito
89,2024-01-17,2,25,0,Gratuito
89,2024-01-18,0,24,1,Gratuito
89,2024-01-19,2,4,1,Gratuito
89,2024-01-20,2,30,0,Gratuito
89,2024-01-22,0,21,0,Gratuito
89,2024-01-25,0,24,0,Gratuito
89,2024-01-26,1,15,0,Gratuito
89,2024-01-27,2,16,0,Gratuito
89,2024-01-29,0,23,1,Gratuito
89,2024-01-30,2,0,0,Gratuito
90,2024-01-01,1,0,0,Gratuito
90,2024-01-02,1,29,0,Gratuito
90,2024-01-03,2,2,1,Gratuito
90,2024-01-04,1,11,1,Gratuito
90,2024-01-05,0,14,2,Gratuito
90,2024-01-06,2,22,1,Gratuito
90,2024-01-07,1,12,0,Gratuito
90,2024-01-09,0,30,1,Gratuito
90,2024-01-11,2,21,3,Gratuito
90,2024-01-14,1,15,0,Gratuito
90,2024-01-15,1,18,0,Gratuito
90,2024-01-16,2,11,0,Gratuito
90,2024-01-17,0,30,0,Gratuito
90,2024-01-19,2,18,0,Gratuito
90,2024-01-20,1,34,0,Gratuito
90,2024-01-22,0,34,1,Gratuito
90,2024-01-23,0,18,1,Gratuito
90,2024-01-24,0,15,1,Gratuito
90,2024-01-25,1,33,0,Gratuito
90,2024-01-26,2,24,1,Gratuito
90,2024-01-27,0,19,0,Gratuito
90,2024-01-28,1,10,1,Gratuito
90,2024-01-29,2,33,0,Gratuito
90,2024-01-31,1,20,0,Gratuito
91,2024-01-01,4,41,2,Premium
91,2024-01-02,2,44,1,Premium
91,2024-01-03,0,49,0,Premium
91,2024-01-04,0,52,0,Premium
91,2024-01-06,1,39,2,Premium
91,2024-01-07,0,38,1,Premium
91,2024-01-08,1,43,1,Premium
91,2024-01-09,2,37,0,Premium
91,2024-01-10,1,40,1,Premium
91,2024-01-11,0,51,3,Premium
91,2024-01-12,4,35,1,Premium
91,2024-01-13,1,56,2,Premium
91,2024-01-16,1,46,1,Premium
91,2024-01-17,2,36,4,Premium
91,2024-01-18,1,52,1,Premium
91,2024-01-19,1,40,0,Premium
91,2024-01-21,4,50,3,Premium
91,2024-01-22,3,42,0,Premium
91,2024-01-24,1,43,2,Premium
91,2024-01-25,4,58,0,Premium
91,2024-01-29,1,43,1,Premium
91,2024-01-30,1,49,3,Premium
91,2024-01-31,0,51,4,Premium
92,2024-01-01,1,21,1,Gratuito
92,2024-01-02,1,16,0,Gratuito
92,2024-01-03,1,25,2,Gratuito
92,2024-01-04,1,21,0,Gratuito
92,2024-01-05,0,28,0,Gratuito
92,2024-01-06,1,27,1,Gratuito
92,2024-01-07,2,39,1,Gratuito
92,2024-01-09,0,15,1,Gratuito
92,2024-01-10,3,12,0,Gratuito
92,2024-01-11,0,18,0,Gratuito
92,2024-01-12,0,10,2,Gratuito
92,2024-01-14,0,42,0,Gratuito
92,2024-01-15,1,16,0,Gratuito
92,2024-01-17,3,19,0,Gratuito
92,2024-01-18,4,16,0,Gratuito
92,2024-01-19,0,20,0,Gratuito
92,2024-01-20,0,6,0,Gratuito
92,2024-01-21,2,9,1,Gratuito
92,2024-01-22,1,30,3,Gratuito
92,2024-01-23,1,23,1,Gratuito
92,2024-01-26,1,31,0,Gratuito
92,2024-01-27,2,19,0,Gratuito
92,2024-01-28,2,25,1,Gratuito
92,2024-01-29,0,31,1,Gratuito
92,2024-01-30,1,20,0,Gratuito
93,2024-01-01,1,44,1,Premium
93,2024-01-02,2,25,1,Premium
93,2024-01-03,1,49,1,Premium
93,2024-01-04,5,66,1,Premium
93,2024-01-07,2,37,0,Premium
93,2024-01-08,2,36,0,Premium
93,2024-01-09,1,66,3,Premium
93,2024-01-11,4,51,2,Premium
93,2024-01-12,3,34,1,Premium
93,2024-01-15,2,40,0,Premium
93,2024-01-16,0,48,1,Premium
93,2024-01-17,5,69,1,Premium
93,2024-01-20,0,26,4,Premium
93,2024-01-22,1,53,0,Premium
93,2024-01-23,1,49,1,Premium
93,2024-01-24,2,38,0,Premium
93,2024-01-25,2,39,1,Premium
93,2024-01-26,2,45,3,Premium
93,2024-01-27,2,45,2,Premium
93,2024-01-28,3,43,0,Premium
93,2024-01-29,3,44,0,Premium
93,2024-01-30,1,42,1,Premium
94,2024-01-01,1,28,2,Premium
94,2024-01-03,2,43,0,Premium
94,2024-01-05,2,44,0,Premium
94,2024-01-07,2,39,2,Premium
94,2024-01-08,2,29,1,Premium
94,2024-01-09,3,46,1,Premium
94,2024-01-10,0,55,0,Premium
94,2024-01-12,3,49,0,Premium
94,2024-01-13,1,39,2,Premium
94,2024-01-14,3,64,3,Premium
94,2024-01-15,1,39,2,Premium
94,2024-01-16,3,48,1,Premium
94,2024-01-18,4,44,1,Premium
94,2024-01-19,2,52,0,Premium
94,2024-01-21,1,48,3,Premium
94,2024-01-23,2,33,1,Premium
94,2024-01-24,1,35,1,Premium
94,2024-01-28,4,42,1,Premium
94,2024-01-30,0,55,3,Premium
94,2024-01-31,4,47,1,Premium
95,2024-01-01,2,42,0,Premium
95,2024-01-02,4,49,1,Premium
95,2024-01-05,3,35,2,Premium
95,2024-01-06,3,54,0,Premium
95,2024-01-07,1,54,2,Premium
95,2024-01-08,2,52,1,Premium
95,2024-01-09,1,31,1,Premium
95,2024-01-13,3,31,2,Premium
95,2024-01-14,2,63,2,Premium
95,2024-01-16,0,62,2,Premium
95,2024-01-17,1,51,2,Premium
95,2024-01-19,3,40,1,Premium
95,2024-01-20,0,35,0,Premium
95,2024-01-21,2,45,1,Premium
95,2024-01-22,2,62,3,Premium
95,2024-01-25,4,47,2,Premium
95,2024-01-26,1,42,0,Premium
95,2024-01-27,0,59,1,Premium
96,2024-01-01,1,9,1,Gratuito
96,2024-01-02,0,9,1,Gratuito
96,2024-01-03,2,18,1,Gratuito
96,2024-01-04,0,8,1,Gratuito
96,2024-01-05,2,15,0,Gratuito
96,2024-01-06,2,17,1,Gratuito
96,2024-01-07,1,14,0,Gratuito
96,2024-01-09,0,30,2,Gratuito
96,2024-01-10,0,25,0,Gratuito
96,2024-01-11,0,13,0,Gratuito
96,2024-01-12,1,14,0,Gratuito
96,2024-01-13,0,7,1,Gratuito
96,2024-01-14,0,19,0,Gratuito
96,2024-01-15,2,17,0,Gratuito
96,2024-01-16,1,29,1,Gratuito
96,2024-01-17,1,23,1,Gratuito
96,2024-01-18,1,19,1,Gratuito
96,2024-01-19,2,22,0,Gratuito
96,2024-01-20,1,23,1,Gratuito
96,2024-01-21,1,14,2,Gratuito
96,2024-01-22,0,24,1,Gratuito
96,2024-01-29,3,7,0,Gratuito
96,2024-01-30,3,13,0,Gratuito
96,2024-01-31,0,21,0,Gratuito
97,2024-01-01,2,20,0,Gratuito
97,2024-01-02,1,16,0,Gratuito
97,2024-01-03,1,21,1,Gratuito
97,2024-01-04,0,0,0,Gratuito
97,2024-01-05,3,16,0,Gratuito
97,2024-01-06,1,14,1,Gratuito
97,2024-01-07,0,15,1,Gratuito
97,2024-01-08,1,10,0,Gratuito
97,2024-01-09,0,21,0,Gratuito
97,2024-01-10,0,0,3,Gratuito
97,2024-01-11,2,17,1,Gratuito
97,2024-01-12,0,4,0,Gratuito
97,2024-01-13,2,21,0,Gratuito
97,2024-01-14,0,22,0,Gratuito
97,2024-01-15,1,3,1,Gratuito
97,2024-01-17,0,19,0,Gratuito
97,2024-01-18,0,40,1,Gratuito
97,2024-01-19,1,13,0,Gratuito
97,2024-01-21,2,20,0,Gratuito
97,2024-01-23,1,28,0,Gratuito
97,2024-01-25,2,16,1,Gratuito
97,2024-01-26,0,0,1,Gratuito
97,2024-01-28,2,24,1,Gratuito
97,2024-01-29,0,24,0,Gratuito
97,2024-01-30,0,40,0,Gratuito
97,2024-01-31,3,12,0,Gratuito
98,2024-01-01,0,24,1,Gratuito
98,2024-01-02,2,30,1,Gratuito
98,2024-01-03,1,13,1,Gratuito
98,2024-01-04,0,17,0,Gratuito
98,2024-01-05,1,22,0,Gratuito
98,2024-01-07,2,32,0,Gratuito
98,2024-01-08,1,25,1,Gratuito
98,2024-01-09,1,18,1,Gratuito
98,2024-01-10,2,11,0,Gratuito
98,2024-01-11,0,21,1,Gratuito
98,2024-01-12,1,16,0,Gratuito
98,2024-01-13,0,14,2,Gratuito
98,2024-01-17,0,13,0,Gratuito
98,2024-01-18,1,0,0,Gratuito
98,2024-01-20,1,25,2,Gratuito
98,2024-01-21,2,19,1,Gratuito
98,2024-01-22,0,16,2,Gratuito
98,2024-01-23,4,13,0,Gratuito
98,2024-01-24,0,19,0,Gratuito
98,2024-01-25,1,24,0,Gratuito
98,2024-01-26,2,23,3,Gratuito
98,2024-01-27,1,36,1,Gratuito
98,2024-01-30,1,22,1,Gratuito
99,2024-01-01,1,48,1,Premium
99,2024-01-02,0,52,4,Premium
99,2024-01-03,1,41,2,Premium
99,2024-01-04,0,39,3,Premium
99,2024-01-05,3,56,2,Premium
99,2024-01-06,1,40,0,Premium
99,2024-01-07,2,42,1,Premium
99,2024-01-09,2,44,1,Premium
99,2024-01-11,0,42,3,Premium
99,2024-01-12,3,52,2,Premium
99,2024-01-13,0,41,1,Premium
99,2024-01-15,1,29,1,Premium
99,2024-01-16,3,46,0,Premium
99,2024-01-17,5,46,5,Premium
99,2024-01-18,4,42,2,Premium
99,2024-01-19,0,66,2,Premium
99,2024-01-22,3,34,3,Premium
99,2024-01-23,3,35,4,Premium
99,2024-01-24,3,44,3,Premium
99,2024-01-27,1,46,2,Premium
99,2024-01-28,0,61,1,Premium
99,2024-01-29,2,30,2,Premium
99,2024-01-30,2,45,0,Premium
99,2024-01-31,2,44,1,Premium
100,2024-01-01,2,56,5,Premium
100,2024-01-03,3,41,2,Premium
100,2024-01-04,3,42,2,Premium
100,2024-01-05,1,55,0,Premium
100,2024-01-06,1,36,1,Premium
100,2024-01-07,2,42,3,Premium
100,2024-01-08,2,65,4,Premium
100,2024-01-10,0,46,0,Premium
100,2024-01-11,1,50,1,Premium
100,2024-01-12,2,30,1,Premium
100,2024-01-13,4,31,2,Premium
100,2024-01-14,2,24,0,Premium
100,2024-01-18,0,28,1,Premium
100,2024-01-19,4,56,2,Premium
100,2024-01-20,3,41,0,Premium
100,2024-01-23,2,50,1,Premium
100,2024-01-24,5,45,0,Premium
100,2024-01-25,2,61,2,Premium
100,2024-01-26,2,38,3,Premium
100,2024-01-27,6,42,0,Premium
100,2024-01-28,1,49,1,Premium
100,2024-01-29,0,36,1,Premium
100,2024-01-31,2,56,4,Premium
